password_sample,f_length,f_char_class_count,f_has_lowercase,f_has_uppercase,f_has_digit,f_has_symbol,f_dictionary_present,f_has_leetspeak,f_numeric_prefix,f_numeric_suffix,f_numeric_infix,f_has_sequence,f_has_repetition,f_rule_pattern_present,label
barandilya,10,1,1,0,0,0,1,0,0,0,0,0,0,0,DICTIONARY
oysterling,10,1,1,0,0,0,1,0,0,0,0,0,0,0,DICTIONARY
superradical,12,1,1,0,0,0,1,0,0,0,0,0,1,1,DICTIONARY
raiser,6,1,1,0,0,0,1,0,0,0,0,0,0,0,DICTIONARY
trollopish,10,1,1,0,0,0,1,0,0,0,0,0,1,1,DICTIONARY
propacifist,11,1,1,0,0,0,1,0,0,0,0,0,0,0,DICTIONARY
bitbitin,8,1,1,0,0,0,1,0,0,0,0,0,0,0,DICTIONARY
premanufacturing,16,1,1,0,0,0,1,0,0,0,0,0,0,0,DICTIONARY
rins,4,1,1,0,0,0,1,0,0,0,0,0,0,0,DICTIONARY
washy,5,1,1,0,0,0,1,0,0,0,0,0,0,0,DICTIONARY
overtheatricalness,18,1,1,0,0,0,1,0,0,0,0,0,1,1,DICTIONARY
baseboards,10,1,1,0,0,0,1,0,0,0,0,0,0,0,DICTIONARY
pennants,8,1,1,0,0,0,1,0,0,0,0,0,1,1,DICTIONARY
irima,5,1,1,0,0,0,1,0,0,0,0,0,0,0,DICTIONARY
pithful,7,1,1,0,0,0,1,0,0,0,0,0,0,0,DICTIONARY
biopsiya,8,1,1,0,0,0,1,0,0,0,0,0,0,0,DICTIONARY
checkoff,8,1,1,0,0,0,1,0,0,0,0,0,1,1,DICTIONARY
dybbuk,6,1,1,0,0,0,1,0,0,0,0,0,1,1,DICTIONARY
rwd,3,1,1,0,0,0,1,0,0,0,0,0,0,0,DICTIONARY
ammocete,8,1,1,0,0,0,1,0,0,0,0,0,1,1,DICTIONARY
anticize,8,1,1,0,0,0,1,0,0,0,0,0,0,0,DICTIONARY
klaverns,8,1,1,0,0,0,1,0,0,0,0,0,0,0,DICTIONARY
thwart,6,1,1,0,0,0,1,0,0,0,0,0,0,0,DICTIONARY
phonghi,7,1,1,0,0,0,1,0,0,0,0,0,0,0,DICTIONARY
decennoval,10,1,1,0,0,0,1,0,0,0,0,0,1,1,DICTIONARY
prosodian,9,1,1,0,0,0,1,0,0,0,0,0,0,0,DICTIONARY
glyceryl,8,1,1,0,0,0,1,0,0,0,0,0,0,0,DICTIONARY
agremens,8,1,1,0,0,0,1,0,0,0,0,0,0,0,DICTIONARY
decidement,10,1,1,0,0,0,1,0,0,0,0,0,0,0,DICTIONARY
likeful,7,1,1,0,0,0,1,0,0,0,0,0,0,0,DICTIONARY
separatism,10,1,1,0,0,0,1,0,0,0,0,0,0,0,DICTIONARY
tintinnabula,12,1,1,0,0,0,1,0,0,0,0,0,1,1,DICTIONARY
runouts,7,1,1,0,0,0,1,0,0,0,0,0,0,0,DICTIONARY
isotropism,10,1,1,0,0,0,1,0,0,0,0,0,0,0,DICTIONARY
hipponous,9,1,1,0,0,0,1,0,0,0,0,0,1,1,DICTIONARY
anatomise,9,1,1,0,0,0,1,0,0,0,0,0,0,0,DICTIONARY
punctualness,12,1,1,0,0,0,1,0,0,0,0,0,1,1,DICTIONARY
timon,5,1,1,0,0,0,1,0,0,0,0,0,0,0,DICTIONARY
nonrayed,8,1,1,0,0,0,1,0,0,0,0,0,0,0,DICTIONARY
encages,7,1,1,0,0,0,1,0,0,0,0,0,0,0,DICTIONARY
burgundies,10,1,1,0,0,0,1,0,0,0,0,0,0,0,DICTIONARY
dismantling,11,1,1,0,0,0,1,0,0,0,0,0,0,0,DICTIONARY
tulyapis,8,1,1,0,0,0,1,0,0,0,0,0,0,0,DICTIONARY
latian,6,1,1,0,0,0,1,0,0,0,0,0,0,0,DICTIONARY
punctiliomonger,15,1,1,0,0,0,1,0,0,0,0,0,0,0,DICTIONARY
sanguinometer,13,1,1,0,0,0,1,0,0,0,0,0,0,0,DICTIONARY
fibbed,6,1,1,0,0,0,1,0,0,0,0,0,1,1,DICTIONARY
de-kompiyansa,13,2,1,0,0,1,1,0,0,0,0,0,0,0,DICTIONARY
sarsaparilya,12,1,1,0,0,0,1,0,0,0,0,0,0,0,DICTIONARY
speakhouse,10,1,1,0,0,0,1,0,0,0,0,0,0,0,DICTIONARY
tesselated,10,1,1,0,0,0,1,0,0,0,0,0,1,1,DICTIONARY
fistulas,8,1,1,0,0,0,1,0,0,0,0,0,0,0,DICTIONARY
irepike,7,1,1,0,0,0,1,0,0,0,0,0,0,0,DICTIONARY
heresiography,13,1,1,0,0,0,1,0,0,0,0,0,0,0,DICTIONARY
protorosaurus,13,1,1,0,0,0,1,0,0,0,0,0,0,0,DICTIONARY
intertissue,11,1,1,0,0,0,1,0,0,0,0,0,1,1,DICTIONARY
refractiveness,14,1,1,0,0,0,1,0,0,0,0,0,1,1,DICTIONARY
appetitiveness,14,1,1,0,0,0,1,0,0,0,0,0,1,1,DICTIONARY
homoeochromatic,15,1,1,0,0,0,1,0,0,0,0,0,0,0,DICTIONARY
synochus,8,1,1,0,0,0,1,0,0,0,0,0,0,0,DICTIONARY
hypermodestly,13,1,1,0,0,0,1,0,0,0,0,0,0,0,DICTIONARY
pharaoh,7,1,1,0,0,0,1,0,0,0,0,0,0,0,DICTIONARY
evertor,7,1,1,0,0,0,1,0,0,0,0,0,0,0,DICTIONARY
kegling,7,1,1,0,0,0,1,0,0,0,0,0,0,0,DICTIONARY
itupi,5,1,1,0,0,0,1,0,0,0,0,0,0,0,DICTIONARY
blazoned,8,1,1,0,0,0,1,0,0,0,0,0,0,0,DICTIONARY
chiromegaly,11,1,1,0,0,0,1,0,0,0,0,0,0,0,DICTIONARY
escortment,10,1,1,0,0,0,1,0,0,0,0,0,0,0,DICTIONARY
recombinational,15,1,1,0,0,0,1,0,0,0,0,0,0,0,DICTIONARY
voc,3,1,1,0,0,0,1,0,0,0,0,0,0,0,DICTIONARY
combinant,9,1,1,0,0,0,1,0,0,0,0,0,0,0,DICTIONARY
rattlings,9,1,1,0,0,0,1,0,0,0,0,0,1,1,DICTIONARY
modulability,12,1,1,0,0,0,1,0,0,0,0,0,0,0,DICTIONARY
proke,5,1,1,0,0,0,1,0,0,0,0,0,0,0,DICTIONARY
pretermission,13,1,1,0,0,0,1,0,0,0,0,0,1,1,DICTIONARY
vengeancely,11,1,1,0,0,0,1,0,0,0,0,0,0,0,DICTIONARY
gradationately,14,1,1,0,0,0,1,0,0,0,0,0,0,0,DICTIONARY
whigling,8,1,1,0,0,0,1,0,0,0,0,0,0,0,DICTIONARY
aspirant,8,1,1,0,0,0,1,0,0,0,0,0,0,0,DICTIONARY
matakbo,7,1,1,0,0,0,1,0,0,0,0,0,0,0,DICTIONARY
yarb,4,1,1,0,0,0,1,0,0,0,0,0,0,0,DICTIONARY
manada,6,1,1,0,0,0,1,0,0,0,0,0,0,0,DICTIONARY
chamos,6,1,1,0,0,0,1,0,0,0,0,0,0,0,DICTIONARY
incan,5,1,1,0,0,0,1,0,0,0,0,0,0,0,DICTIONARY
hydrothermal,12,1,1,0,0,0,1,0,0,0,0,0,0,0,DICTIONARY
pacificating,12,1,1,0,0,0,1,0,0,0,0,0,0,0,DICTIONARY
mythoclast,10,1,1,0,0,0,1,0,0,0,0,0,0,0,DICTIONARY
maggargol,9,1,1,0,0,0,1,0,0,0,0,0,1,1,DICTIONARY
cineaste,8,1,1,0,0,0,1,0,0,0,0,0,0,0,DICTIONARY
bumalino,8,1,1,0,0,0,1,0,0,0,0,0,0,0,DICTIONARY
unmeddlingness,14,1,1,0,0,0,1,0,0,0,0,0,1,1,DICTIONARY
delicatessens,13,1,1,0,0,0,1,0,0,0,0,0,1,1,DICTIONARY
remanet,7,1,1,0,0,0,1,0,0,0,0,0,0,0,DICTIONARY
disentwining,12,1,1,0,0,0,1,0,0,0,0,0,0,0,DICTIONARY
subproctorship,14,1,1,0,0,0,1,0,0,0,0,0,0,0,DICTIONARY
hoggs,5,1,1,0,0,0,1,0,0,0,0,0,1,1,DICTIONARY
infeminine,10,1,1,0,0,0,1,0,0,0,0,0,0,0,DICTIONARY
unshakeable,11,1,1,0,0,0,1,0,0,0,0,0,0,0,DICTIONARY
bahamian,8,1,1,0,0,0,1,0,0,0,0,0,0,0,DICTIONARY
porions,7,1,1,0,0,0,1,0,0,0,0,0,0,0,DICTIONARY
pagbubuo heolohiko,18,2,1,0,0,1,1,0,0,0,0,0,0,0,DICTIONARY
threatless,10,1,1,0,0,0,1,0,0,0,0,0,1,1,DICTIONARY
cephalemia,10,1,1,0,0,0,1,0,0,0,0,0,0,0,DICTIONARY
outkissed,9,1,1,0,0,0,1,0,0,0,0,0,1,1,DICTIONARY
pundakan,8,1,1,0,0,0,1,0,0,0,0,0,0,0,DICTIONARY
overprolifically,16,1,1,0,0,0,1,0,0,0,0,0,1,1,DICTIONARY
peryodista,10,1,1,0,0,0,1,0,0,0,0,0,0,0,DICTIONARY
discriminators,14,1,1,0,0,0,1,0,0,0,0,0,0,0,DICTIONARY
regenerate,10,1,1,0,0,0,1,0,0,0,0,0,0,0,DICTIONARY
grudging,8,1,1,0,0,0,1,0,0,0,0,0,0,0,DICTIONARY
alkalinuria,11,1,1,0,0,0,1,0,0,0,0,0,0,0,DICTIONARY
excitons,8,1,1,0,0,0,1,0,0,0,0,0,0,0,DICTIONARY
revitalizer,11,1,1,0,0,0,1,0,0,0,0,0,0,0,DICTIONARY
metosteal,9,1,1,0,0,0,1,0,0,0,0,0,0,0,DICTIONARY
electroanalytic,15,1,1,0,0,0,1,0,0,0,0,0,0,0,DICTIONARY
nurserymen,10,1,1,0,0,0,1,0,0,0,0,0,0,0,DICTIONARY
hyperuresis,11,1,1,0,0,0,1,0,0,0,0,0,0,0,DICTIONARY
pikeperch,9,1,1,0,0,0,1,0,0,0,0,0,0,0,DICTIONARY
ternately,9,1,1,0,0,0,1,0,0,0,0,0,0,0,DICTIONARY
frescoists,10,1,1,0,0,0,1,0,0,0,0,0,0,0,DICTIONARY
planetaria,10,1,1,0,0,0,1,0,0,0,0,0,0,0,DICTIONARY
revocations,11,1,1,0,0,0,1,0,0,0,0,0,0,0,DICTIONARY
tribromphenol,13,1,1,0,0,0,1,0,0,0,0,0,0,0,DICTIONARY
passwoman,9,1,1,0,0,0,1,0,0,0,0,0,1,1,DICTIONARY
midscale,8,1,1,0,0,0,1,0,0,0,0,0,0,0,DICTIONARY
spoliate,8,1,1,0,0,0,1,0,0,0,0,0,0,0,DICTIONARY
endopleura,10,1,1,0,0,0,1,0,0,0,0,0,0,0,DICTIONARY
endothecal,10,1,1,0,0,0,1,0,0,0,0,0,0,0,DICTIONARY
monotelephone,13,1,1,0,0,0,1,0,0,0,0,0,0,0,DICTIONARY
becowarding,11,1,1,0,0,0,1,0,0,0,0,0,0,0,DICTIONARY
surfacemen,10,1,1,0,0,0,1,0,0,0,0,0,0,0,DICTIONARY
bromination,11,1,1,0,0,0,1,0,0,0,0,0,0,0,DICTIONARY
cumberless,10,1,1,0,0,0,1,0,0,0,0,0,1,1,DICTIONARY
oscillatoriaceae,16,1,1,0,0,0,1,0,0,0,0,0,1,1,DICTIONARY
submontagne,11,1,1,0,0,0,1,0,0,0,0,0,0,0,DICTIONARY
nautical,8,1,1,0,0,0,1,0,0,0,0,0,0,0,DICTIONARY
exoskeletal,11,1,1,0,0,0,1,0,0,0,0,0,0,0,DICTIONARY
preconduct,10,1,1,0,0,0,1,0,0,0,0,0,0,0,DICTIONARY
magnipotent,11,1,1,0,0,0,1,0,0,0,0,0,0,0,DICTIONARY
scantlinged,11,1,1,0,0,0,1,0,0,0,0,0,0,0,DICTIONARY
underthought,12,1,1,0,0,0,1,0,0,0,0,0,0,0,DICTIONARY
prayermaking,12,1,1,0,0,0,1,0,0,0,0,0,0,0,DICTIONARY
artiodactyl,11,1,1,0,0,0,1,0,0,0,0,0,0,0,DICTIONARY
deallocates,11,1,1,0,0,0,1,0,0,0,0,0,1,1,DICTIONARY
pasitelean,10,1,1,0,0,0,1,0,0,0,0,0,0,0,DICTIONARY
epanisognathism,15,1,1,0,0,0,1,0,0,0,0,0,0,0,DICTIONARY
microdimensions,15,1,1,0,0,0,1,0,0,0,0,0,0,0,DICTIONARY
untunneled,10,1,1,0,0,0,1,0,0,0,0,0,1,1,DICTIONARY
myrmecophagine,14,1,1,0,0,0,1,0,0,0,0,0,0,0,DICTIONARY
odysseys,8,1,1,0,0,0,1,0,0,0,0,0,1,1,DICTIONARY
paginating,10,1,1,0,0,0,1,0,0,0,0,0,0,0,DICTIONARY
topically,9,1,1,0,0,0,1,0,0,0,0,0,1,1,DICTIONARY
chromeplated,12,1,1,0,0,0,1,0,0,0,0,0,0,0,DICTIONARY
trellises,9,1,1,0,0,0,1,0,0,0,0,0,1,1,DICTIONARY
dislocator,10,1,1,0,0,0,1,0,0,0,0,0,0,0,DICTIONARY
thiaminase,10,1,1,0,0,0,1,0,0,0,0,0,0,0,DICTIONARY
attenuator,10,1,1,0,0,0,1,0,0,0,0,0,1,1,DICTIONARY
tamanoas,8,1,1,0,0,0,1,0,0,0,0,0,0,0,DICTIONARY
crumblet,8,1,1,0,0,0,1,0,0,0,0,0,0,0,DICTIONARY
ovalities,9,1,1,0,0,0,1,0,0,0,0,0,0,0,DICTIONARY
nonrhythmically,15,1,1,0,0,0,1,0,0,0,0,0,1,1,DICTIONARY
xenogeneic,10,1,1,0,0,0,1,0,0,0,0,0,0,0,DICTIONARY
uncollar,8,1,1,0,0,0,1,0,0,0,0,0,1,1,DICTIONARY
hydrocoral,10,1,1,0,0,0,1,0,0,0,0,0,0,0,DICTIONARY
decedent,8,1,1,0,0,0,1,0,0,0,0,0,0,0,DICTIONARY
macrotome,9,1,1,0,0,0,1,0,0,0,0,0,0,0,DICTIONARY
enswathing,10,1,1,0,0,0,1,0,0,0,0,0,0,0,DICTIONARY
suddenness,10,1,1,0,0,0,1,0,0,0,0,0,1,1,DICTIONARY
ardennite,9,1,1,0,0,0,1,0,0,0,0,0,1,1,DICTIONARY
impossible,10,1,1,0,0,0,1,0,0,0,0,0,1,1,DICTIONARY
acuminose,9,1,1,0,0,0,1,0,0,0,0,0,0,0,DICTIONARY
splurged,8,1,1,0,0,0,1,0,0,0,0,0,0,0,DICTIONARY
scepters,8,1,1,0,0,0,1,0,0,0,0,0,0,0,DICTIONARY
unwrathfully,12,1,1,0,0,0,1,0,0,0,0,0,1,1,DICTIONARY
nonmigrant,10,1,1,0,0,0,1,0,0,0,0,0,0,0,DICTIONARY
snowshoes,9,1,1,0,0,0,1,0,0,0,0,0,0,0,DICTIONARY
flavoring,9,1,1,0,0,0,1,0,0,0,0,0,0,0,DICTIONARY
unfundamentally,15,1,1,0,0,0,1,0,0,0,0,0,1,1,DICTIONARY
manloloob,9,1,1,0,0,0,1,0,0,0,0,0,1,1,DICTIONARY
cantoria,8,1,1,0,0,0,1,0,0,0,0,0,0,0,DICTIONARY
gemuetlich,10,1,1,0,0,0,1,0,0,0,0,0,0,0,DICTIONARY
walang-kahulilip,16,2,1,0,0,1,1,0,0,0,0,0,0,0,DICTIONARY
tussucks,8,1,1,0,0,0,1,0,0,0,0,0,1,1,DICTIONARY
unescapably,11,1,1,0,0,0,1,0,0,0,0,0,0,0,DICTIONARY
nonaffirmance,13,1,1,0,0,0,1,0,0,0,0,0,1,1,DICTIONARY
isohemolysis,12,1,1,0,0,0,1,0,0,0,0,0,0,0,DICTIONARY
insensitivities,15,1,1,0,0,0,1,0,0,0,0,0,0,0,DICTIONARY
maglakbay,9,1,1,0,0,0,1,0,0,0,0,0,0,0,DICTIONARY
uncastigated,12,1,1,0,0,0,1,0,0,0,0,0,0,0,DICTIONARY
giftedness,10,1,1,0,0,0,1,0,0,0,0,0,1,1,DICTIONARY
walang-pagkapagod,17,2,1,0,0,1,1,0,0,0,0,0,0,0,DICTIONARY
sabi-sabihan,12,2,1,0,0,1,1,0,0,0,0,0,0,0,DICTIONARY
unshelled,9,1,1,0,0,0,1,0,0,0,0,0,1,1,DICTIONARY
nonmysticalness,15,1,1,0,0,0,1,0,0,0,0,0,1,1,DICTIONARY
spleenish,9,1,1,0,0,0,1,0,0,0,0,0,1,1,DICTIONARY
ipaangkat,9,1,1,0,0,0,1,0,0,0,0,0,1,1,DICTIONARY
boninesses,10,1,1,0,0,0,1,0,0,0,0,0,1,1,DICTIONARY
preachieved,11,1,1,0,0,0,1,0,0,0,0,0,0,0,DICTIONARY
caleches,8,1,1,0,0,0,1,0,0,0,0,0,0,0,DICTIONARY
frontiers,9,1,1,0,0,0,1,0,0,0,0,0,0,0,DICTIONARY
ret@stes,7,1,1,0,0,0,1,0,0,0,0,0,0,0,RULE-BASED
totoy_brown,11,2,1,0,0,1,1,0,0,0,0,0,0,0,RULE-BASED
Beauty_@nd_th3_Be@$t,17,4,1,1,1,1,1,1,0,0,1,0,0,1,RULE-BASED
Pogi_ako,8,3,1,1,0,1,1,0,0,0,0,0,0,0,RULE-BASED
@y@h,2,1,1,0,0,0,1,0,0,0,0,0,0,0,RULE-BASED
totoy_brown,11,2,1,0,0,1,1,0,0,0,0,0,0,0,RULE-BASED
Beauty_@nd_th3_Be@$t,17,4,1,1,1,1,1,1,0,0,1,0,0,1,RULE-BASED
parakeet012,11,2,1,0,1,0,1,1,0,1,0,1,1,1,RULE-BASED
resupport012,12,2,1,0,1,0,1,1,0,1,0,1,1,1,RULE-BASED
totoy_brown,11,2,1,0,0,1,1,0,0,0,0,0,0,0,RULE-BASED
Beauty_@nd_th3_Be@$t,17,4,1,1,1,1,1,1,0,0,1,0,0,1,RULE-BASED
s00ths@ys,8,2,1,0,1,0,1,1,0,0,1,0,1,1,RULE-BASED
refighting,10,1,1,0,0,0,1,0,0,0,0,0,0,0,RULE-BASED
totoy_brown,11,2,1,0,0,1,1,0,0,0,0,0,0,0,RULE-BASED
sixing012,9,2,1,0,1,0,1,1,0,1,0,1,0,1,RULE-BASED
Pogi_ako,8,3,1,1,0,1,1,0,0,0,0,0,0,0,RULE-BASED
revel@ti0n,9,2,1,0,1,0,1,1,0,0,1,0,0,1,RULE-BASED
Beauty_@nd_th3_Be@$t,17,4,1,1,1,1,1,1,0,0,1,0,0,1,RULE-BASED
totoy_brown,11,2,1,0,0,1,1,0,0,0,0,0,0,0,RULE-BASED
Beauty_@nd_th3_Be@$t,17,4,1,1,1,1,1,1,0,0,1,0,0,1,RULE-BASED
drad_,4,1,1,0,0,0,1,0,0,0,0,0,0,0,RULE-BASED
paradoxidian_,12,1,1,0,0,0,1,0,0,0,0,0,0,0,RULE-BASED
Pogi_ako,8,3,1,1,0,1,1,0,0,0,0,0,0,0,RULE-BASED
acetopyrin012,13,2,1,0,1,0,1,1,0,1,0,1,0,1,RULE-BASED
Pogi_ako,8,3,1,1,0,1,1,0,0,0,0,0,0,0,RULE-BASED
Pogi_ako,8,3,1,1,0,1,1,0,0,0,0,0,0,0,RULE-BASED
capitaldom012,13,2,1,0,1,0,1,1,0,1,0,1,0,1,RULE-BASED
undeclare012,12,2,1,0,1,0,1,1,0,1,0,1,0,1,RULE-BASED
0utbuy,6,2,1,0,1,0,1,1,1,0,0,0,0,1,RULE-BASED
Beauty_@nd_th3_Be@$t,17,4,1,1,1,1,1,1,0,0,1,0,0,1,RULE-BASED
totoy_brown,11,2,1,0,0,1,1,0,0,0,0,0,0,0,RULE-BASED
legalization_,12,1,1,0,0,0,1,0,0,0,0,0,0,0,RULE-BASED
Beauty_@nd_th3_Be@$t,17,4,1,1,1,1,1,1,0,0,1,0,0,1,RULE-BASED
disturbant012,13,2,1,0,1,0,1,1,0,1,0,1,0,1,RULE-BASED
ornithodelph012,15,2,1,0,1,0,1,1,0,1,0,1,0,1,RULE-BASED
Pogi_ako,8,3,1,1,0,1,1,0,0,0,0,0,0,0,RULE-BASED
totoy_brown,11,2,1,0,0,1,1,0,0,0,0,0,0,0,RULE-BASED
honourers012,12,2,1,0,1,0,1,1,0,1,0,1,0,1,RULE-BASED
@scrib@ble,8,1,1,0,0,0,1,0,0,0,0,0,1,1,RULE-BASED
metepencephalic012,18,2,1,0,1,0,1,1,0,1,0,1,0,1,RULE-BASED
mailplane_,9,1,1,0,0,0,1,0,0,0,0,0,0,0,RULE-BASED
backstroking012,15,2,1,0,1,0,1,1,0,1,0,1,0,1,RULE-BASED
totoy_brown,11,2,1,0,0,1,1,0,0,0,0,0,0,0,RULE-BASED
sulphin@te,9,1,1,0,0,0,1,0,0,0,0,0,0,0,RULE-BASED
Pogi_ako,8,3,1,1,0,1,1,0,0,0,0,0,0,0,RULE-BASED
totoy_brown,11,2,1,0,0,1,1,0,0,0,0,0,0,0,RULE-BASED
inseverable_,11,1,1,0,0,0,1,0,0,0,0,0,0,0,RULE-BASED
Beauty_@nd_th3_Be@$t,17,4,1,1,1,1,1,1,0,0,1,0,0,1,RULE-BASED
Beauty_@nd_th3_Be@$t,17,4,1,1,1,1,1,1,0,0,1,0,0,1,RULE-BASED
museist,7,1,1,0,0,0,1,0,0,0,0,0,0,0,RULE-BASED
p@ngher0,7,2,1,0,1,0,1,1,0,1,0,0,0,1,RULE-BASED
respecify,9,1,1,0,0,0,1,0,0,0,0,0,0,0,RULE-BASED
totoy_brown,11,2,1,0,0,1,1,0,0,0,0,0,0,0,RULE-BASED
totoy_brown,11,2,1,0,0,1,1,0,0,0,0,0,0,0,RULE-BASED
ibulusok_,8,1,1,0,0,0,1,0,0,0,0,0,0,0,RULE-BASED
Pogi_ako,8,3,1,1,0,1,1,0,0,0,0,0,0,0,RULE-BASED
pulsatively012,14,2,1,0,1,0,1,1,0,1,0,1,0,1,RULE-BASED
totoy_brown,11,2,1,0,0,1,1,0,0,0,0,0,0,0,RULE-BASED
decuri0ns,9,2,1,0,1,0,1,1,0,0,1,0,0,1,RULE-BASED
shangalla_,9,1,1,0,0,0,1,0,0,0,0,0,1,1,RULE-BASED
Beauty_@nd_th3_Be@$t,17,4,1,1,1,1,1,1,0,0,1,0,0,1,RULE-BASED
paradichlorobenzene012,22,2,1,0,1,0,1,1,0,1,0,1,0,1,RULE-BASED
Pogi_ako,8,3,1,1,0,1,1,0,0,0,0,0,0,0,RULE-BASED
buhayin_,7,1,1,0,0,0,1,0,0,0,0,0,0,0,RULE-BASED
Pogi_ako,8,3,1,1,0,1,1,0,0,0,0,0,0,0,RULE-BASED
totoy_brown,11,2,1,0,0,1,1,0,0,0,0,0,0,0,RULE-BASED
k@b@k@hin,6,1,1,0,0,0,1,0,0,0,0,0,0,0,RULE-BASED
chitlin,7,1,1,0,0,0,1,0,0,0,0,0,0,0,RULE-BASED
totoy_brown,11,2,1,0,0,1,1,0,0,0,0,0,0,0,RULE-BASED
Beauty_@nd_th3_Be@$t,17,4,1,1,1,1,1,1,0,0,1,0,0,1,RULE-BASED
Pogi_ako,8,3,1,1,0,1,1,0,0,0,0,0,0,0,RULE-BASED
p@gh@h@l@m@n,7,1,1,0,0,0,1,0,0,0,0,0,1,1,RULE-BASED
Pogi_ako,8,3,1,1,0,1,1,0,0,0,0,0,0,0,RULE-BASED
utricul@ri@ce@e,12,1,1,0,0,0,1,0,0,0,0,0,1,1,RULE-BASED
n0nr@te@bleness,13,2,1,0,1,0,1,1,0,0,1,0,1,1,RULE-BASED
greased_,7,1,1,0,0,0,1,0,0,0,0,0,0,0,RULE-BASED
Pogi_ako,8,3,1,1,0,1,1,0,0,0,0,0,0,0,RULE-BASED
attester012,11,2,1,0,1,0,1,1,0,1,0,1,1,1,RULE-BASED
kakatuwang-kilos012,19,3,1,0,1,1,1,1,0,1,0,1,0,1,RULE-BASED
mainlanders_,11,1,1,0,0,0,1,0,0,0,0,0,0,0,RULE-BASED
discomfiter_,11,1,1,0,0,0,1,0,0,0,0,0,0,0,RULE-BASED
pantheons_,9,1,1,0,0,0,1,0,0,0,0,0,0,0,RULE-BASED
totoy_brown,11,2,1,0,0,1,1,0,0,0,0,0,0,0,RULE-BASED
precisianism012,15,2,1,0,1,0,1,1,0,1,0,1,0,1,RULE-BASED
paranomia012,12,2,1,0,1,0,1,1,0,1,0,1,0,1,RULE-BASED
Beauty_@nd_th3_Be@$t,17,4,1,1,1,1,1,1,0,0,1,0,0,1,RULE-BASED
Beauty_@nd_th3_Be@$t,17,4,1,1,1,1,1,1,0,0,1,0,0,1,RULE-BASED
unmordant_,9,1,1,0,0,0,1,0,0,0,0,0,0,0,RULE-BASED
kreistle_,8,1,1,0,0,0,1,0,0,0,0,0,0,0,RULE-BASED
totoy_brown,11,2,1,0,0,1,1,0,0,0,0,0,0,0,RULE-BASED
tablewise012,12,2,1,0,1,0,1,1,0,1,0,1,0,1,RULE-BASED
Pogi_ako,8,3,1,1,0,1,1,0,0,0,0,0,0,0,RULE-BASED
Beauty_@nd_th3_Be@$t,17,4,1,1,1,1,1,1,0,0,1,0,0,1,RULE-BASED
Beauty_@nd_th3_Be@$t,17,4,1,1,1,1,1,1,0,0,1,0,0,1,RULE-BASED
Pogi_ako,8,3,1,1,0,1,1,0,0,0,0,0,0,0,RULE-BASED
Pogi_ako,8,3,1,1,0,1,1,0,0,0,0,0,0,0,RULE-BASED
proboscidial012,15,2,1,0,1,0,1,1,0,1,0,1,0,1,RULE-BASED
st@di0meter,10,2,1,0,1,0,1,1,0,0,1,0,0,1,RULE-BASED
Beauty_@nd_th3_Be@$t,17,4,1,1,1,1,1,1,0,0,1,0,0,1,RULE-BASED
Beauty_@nd_th3_Be@$t,17,4,1,1,1,1,1,1,0,0,1,0,0,1,RULE-BASED
Pogi_ako,8,3,1,1,0,1,1,0,0,0,0,0,0,0,RULE-BASED
Pogi_ako,8,3,1,1,0,1,1,0,0,0,0,0,0,0,RULE-BASED
Beauty_@nd_th3_Be@$t,17,4,1,1,1,1,1,1,0,0,1,0,0,1,RULE-BASED
leeg,4,1,1,0,0,0,1,0,0,0,0,0,1,1,RULE-BASED
totoy_brown,11,2,1,0,0,1,1,0,0,0,0,0,0,0,RULE-BASED
jonval012,9,2,1,0,1,0,1,1,0,1,0,1,0,1,RULE-BASED
labi_,4,1,1,0,0,0,1,0,0,0,0,0,0,0,RULE-BASED
upheaven_,8,1,1,0,0,0,1,0,0,0,0,0,0,0,RULE-BASED
evangelistaries_,15,1,1,0,0,0,1,0,0,0,0,0,0,0,RULE-BASED
Beauty_@nd_th3_Be@$t,17,4,1,1,1,1,1,1,0,0,1,0,0,1,RULE-BASED
cincturing012,13,2,1,0,1,0,1,1,0,1,0,1,0,1,RULE-BASED
sunhat012,9,2,1,0,1,0,1,1,0,1,0,1,0,1,RULE-BASED
Beauty_@nd_th3_Be@$t,17,4,1,1,1,1,1,1,0,0,1,0,0,1,RULE-BASED
Beauty_@nd_th3_Be@$t,17,4,1,1,1,1,1,1,0,0,1,0,0,1,RULE-BASED
p@gp@p@k@m@t@y,8,1,1,0,0,0,1,0,0,0,0,0,1,1,RULE-BASED
Pogi_ako,8,3,1,1,0,1,1,0,0,0,0,0,0,0,RULE-BASED
totoy_brown,11,2,1,0,0,1,1,0,0,0,0,0,0,0,RULE-BASED
satanically012,14,2,1,0,1,0,1,1,0,1,0,1,1,1,RULE-BASED
totoy_brown,11,2,1,0,0,1,1,0,0,0,0,0,0,0,RULE-BASED
re@djudic@ted,11,1,1,0,0,0,1,0,0,0,0,0,0,0,RULE-BASED
di-m@k@p@gs@lit@,11,2,1,0,0,1,1,0,0,0,0,0,0,0,RULE-BASED
piedmontite_,11,1,1,0,0,0,1,0,0,0,0,0,0,0,RULE-BASED
sw00ny,6,2,1,0,1,0,1,1,0,0,1,0,1,1,RULE-BASED
intercupola_,11,1,1,0,0,0,1,0,0,0,0,0,0,0,RULE-BASED
grubstaked_,10,1,1,0,0,0,1,0,0,0,0,0,0,0,RULE-BASED
gynandrarchy_,12,1,1,0,0,0,1,0,0,0,0,0,0,0,RULE-BASED
Beauty_@nd_th3_Be@$t,17,4,1,1,1,1,1,1,0,0,1,0,0,1,RULE-BASED
eucryphi@,8,1,1,0,0,0,1,0,0,0,0,0,0,0,RULE-BASED
throatal012,11,2,1,0,1,0,1,1,0,1,0,1,0,1,RULE-BASED
Pogi_ako,8,3,1,1,0,1,1,0,0,0,0,0,0,0,RULE-BASED
Beauty_@nd_th3_Be@$t,17,4,1,1,1,1,1,1,0,0,1,0,0,1,RULE-BASED
m@nileny0,8,2,1,0,1,0,1,1,0,1,0,0,0,1,RULE-BASED
totoy_brown,11,2,1,0,0,1,1,0,0,0,0,0,0,0,RULE-BASED
benne,5,1,1,0,0,0,1,0,0,0,0,0,1,1,RULE-BASED
g@lv@n0pl@stics,12,2,1,0,1,0,1,1,0,0,1,0,0,1,RULE-BASED
totoy_brown,11,2,1,0,0,1,1,0,0,0,0,0,0,0,RULE-BASED
ritards012,10,2,1,0,1,0,1,1,0,1,0,1,0,1,RULE-BASED
zooecial_,8,1,1,0,0,0,1,0,0,0,0,0,1,1,RULE-BASED
raucousness_,11,1,1,0,0,0,1,0,0,0,0,0,1,1,RULE-BASED
totoy_brown,11,2,1,0,0,1,1,0,0,0,0,0,0,0,RULE-BASED
ign0r@nt,7,2,1,0,1,0,1,1,0,0,1,0,0,1,RULE-BASED
Pogi_ako,8,3,1,1,0,1,1,0,0,0,0,0,0,0,RULE-BASED
bem0@ns,6,2,1,0,1,0,1,1,0,0,1,0,0,1,RULE-BASED
herald_,6,1,1,0,0,0,1,0,0,0,0,0,0,0,RULE-BASED
underselling012,15,2,1,0,1,0,1,1,0,1,0,1,1,1,RULE-BASED
char_,4,1,1,0,0,0,1,0,0,0,0,0,0,0,RULE-BASED
Pogi_ako,8,3,1,1,0,1,1,0,0,0,0,0,0,0,RULE-BASED
Beauty_@nd_th3_Be@$t,17,4,1,1,1,1,1,1,0,0,1,0,0,1,RULE-BASED
totoy_brown,11,2,1,0,0,1,1,0,0,0,0,0,0,0,RULE-BASED
Beauty_@nd_th3_Be@$t,17,4,1,1,1,1,1,1,0,0,1,0,0,1,RULE-BASED
totoy_brown,11,2,1,0,0,1,1,0,0,0,0,0,0,0,RULE-BASED
Beauty_@nd_th3_Be@$t,17,4,1,1,1,1,1,1,0,0,1,0,0,1,RULE-BASED
unvoluble_,9,1,1,0,0,0,1,0,0,0,0,0,0,0,RULE-BASED
p0tst0ne,8,2,1,0,1,0,1,1,0,0,1,0,0,1,RULE-BASED
nonblooded_,10,1,1,0,0,0,1,0,0,0,0,0,1,1,RULE-BASED
m@gb@b@g,5,1,1,0,0,0,1,0,0,0,0,0,1,1,RULE-BASED
Beauty_@nd_th3_Be@$t,17,4,1,1,1,1,1,1,0,0,1,0,0,1,RULE-BASED
pagdiskursuhan012,17,2,1,0,1,0,1,1,0,1,0,1,0,1,RULE-BASED
myel0syring0sis,15,2,1,0,1,0,1,1,0,0,1,0,0,1,RULE-BASED
nonmomentary012,15,2,1,0,1,0,1,1,0,1,0,1,0,1,RULE-BASED
Beauty_@nd_th3_Be@$t,17,4,1,1,1,1,1,1,0,0,1,0,0,1,RULE-BASED
pithecan_,8,1,1,0,0,0,1,0,0,0,0,0,0,0,RULE-BASED
ekonomika012,12,2,1,0,1,0,1,1,0,1,0,1,0,1,RULE-BASED
paleornithological_,18,1,1,0,0,0,1,0,0,0,0,0,0,0,RULE-BASED
allopelagic_,11,1,1,0,0,0,1,0,0,0,0,0,1,1,RULE-BASED
totoy_brown,11,2,1,0,0,1,1,0,0,0,0,0,0,0,RULE-BASED
Beauty_@nd_th3_Be@$t,17,4,1,1,1,1,1,1,0,0,1,0,0,1,RULE-BASED
Pogi_ako,8,3,1,1,0,1,1,0,0,0,0,0,0,0,RULE-BASED
@rcheg0ni0ph0re,14,2,1,0,1,0,1,1,0,0,1,0,0,1,RULE-BASED
totoy_brown,11,2,1,0,0,1,1,0,0,0,0,0,0,0,RULE-BASED
sabina012,9,2,1,0,1,0,1,1,0,1,0,1,0,1,RULE-BASED
b@silic@,6,1,1,0,0,0,1,0,0,0,0,0,0,0,RULE-BASED
messmates012,12,2,1,0,1,0,1,1,0,1,0,1,1,1,RULE-BASED
incomers012,11,2,1,0,1,0,1,1,0,1,0,1,0,1,RULE-BASED
persalts012,11,2,1,0,1,0,1,1,0,1,0,1,0,1,RULE-BASED
jotty_,5,1,1,0,0,0,1,0,0,0,0,0,1,1,RULE-BASED
Beauty_@nd_th3_Be@$t,17,4,1,1,1,1,1,1,0,0,1,0,0,1,RULE-BASED
Beauty_@nd_th3_Be@$t,17,4,1,1,1,1,1,1,0,0,1,0,0,1,RULE-BASED
Pogi_ako,8,3,1,1,0,1,1,0,0,0,0,0,0,0,RULE-BASED
Beauty_@nd_th3_Be@$t,17,4,1,1,1,1,1,1,0,0,1,0,0,1,RULE-BASED
heterolateral_,13,1,1,0,0,0,1,0,0,0,0,0,0,0,RULE-BASED
totoy_brown,11,2,1,0,0,1,1,0,0,0,0,0,0,0,RULE-BASED
Beauty_@nd_th3_Be@$t,17,4,1,1,1,1,1,1,0,0,1,0,0,1,RULE-BASED
totoy_brown,11,2,1,0,0,1,1,0,0,0,0,0,0,0,RULE-BASED
pedipulate_,10,1,1,0,0,0,1,0,0,0,0,0,0,0,RULE-BASED
Beauty_@nd_th3_Be@$t,17,4,1,1,1,1,1,1,0,0,1,0,0,1,RULE-BASED
Pogi_ako,8,3,1,1,0,1,1,0,0,0,0,0,0,0,RULE-BASED
demonise012,11,2,1,0,1,0,1,1,0,1,0,1,0,1,RULE-BASED
Pogi_ako,8,3,1,1,0,1,1,0,0,0,0,0,0,0,RULE-BASED
Pogi_ako,8,3,1,1,0,1,1,0,0,0,0,0,0,0,RULE-BASED
xysters012,10,2,1,0,1,0,1,1,0,1,0,1,0,1,RULE-BASED
Beauty_@nd_th3_Be@$t,17,4,1,1,1,1,1,1,0,0,1,0,0,1,RULE-BASED
prepave012,10,2,1,0,1,0,1,1,0,1,0,1,0,1,RULE-BASED
@ldine,5,1,1,0,0,0,1,0,0,0,0,0,0,0,RULE-BASED
0ur@n0ph0bi@,10,2,1,0,1,0,1,1,1,0,1,0,0,1,RULE-BASED
totoy_brown,11,2,1,0,0,1,1,0,0,0,0,0,0,0,RULE-BASED
Beauty_@nd_th3_Be@$t,17,4,1,1,1,1,1,1,0,0,1,0,0,1,RULE-BASED
baptistery_,10,1,1,0,0,0,1,0,0,0,0,0,0,0,RULE-BASED
antipathogene012,16,2,1,0,1,0,1,1,0,1,0,1,0,1,RULE-BASED
totoy_brown,11,2,1,0,0,1,1,0,0,0,0,0,0,0,RULE-BASED
zJ1uHh4q$V5Tn,12,3,1,1,1,0,0,0,0,0,1,0,1,1,BRUTE-FORCE
h$KGrUbqa2H,10,3,1,1,1,0,0,0,0,0,1,0,0,1,BRUTE-FORCE
2DpbMzkrqOcxAF,14,3,1,1,1,0,0,0,1,0,0,0,0,1,BRUTE-FORCE
V5tYaqsLR4,10,3,1,1,1,0,0,0,0,1,1,0,0,1,BRUTE-FORCE
06zcM50#R#,10,4,1,1,1,1,0,0,1,0,1,0,0,1,BRUTE-FORCE
!VZ3l#1TCejjk,13,4,1,1,1,1,0,0,0,0,1,0,1,1,BRUTE-FORCE
09dzRUYpL7CU,12,3,1,1,1,0,0,0,1,0,0,0,1,1,BRUTE-FORCE
wgzN5ToO5wqegs,14,3,1,1,1,0,0,0,0,0,1,0,1,1,BRUTE-FORCE
84RD&f0Tx0R,11,4,1,1,1,1,0,0,1,0,1,0,0,1,BRUTE-FORCE
@m*vVw6VH6aRgv,13,4,1,1,1,1,0,0,0,0,1,0,1,1,BRUTE-FORCE
RW&ym5d$e#N,10,4,1,1,1,1,0,0,0,0,1,0,0,1,BRUTE-FORCE
fO&vtm1MBPqooD,14,4,1,1,1,1,0,0,0,0,1,0,1,1,BRUTE-FORCE
my74SCd#RVGip,13,4,1,1,1,1,0,0,0,0,1,0,0,1,BRUTE-FORCE
MY9votWFG5M%nL,14,4,1,1,1,1,0,0,0,0,1,0,0,1,BRUTE-FORCE
MBoxO*yf!B,10,3,1,1,0,1,0,0,0,0,0,0,0,0,BRUTE-FORCE
#sB1c1Qh0*dTa,13,4,1,1,1,1,0,0,0,0,1,0,0,1,BRUTE-FORCE
@Lm@Rm7hLV,8,2,1,1,0,0,0,0,0,0,0,0,0,0,BRUTE-FORCE
vxUG4EDX0G9OT,13,3,1,1,1,0,0,0,0,0,1,0,0,1,BRUTE-FORCE
0*tfSgFRHkm,11,4,1,1,1,1,0,0,1,0,0,0,0,1,BRUTE-FORCE
dz%v4jaom8H##&,14,4,1,1,1,1,0,0,0,0,1,0,1,1,BRUTE-FORCE
NQq2jqYYY3gXT,13,3,1,1,1,0,0,0,0,0,1,0,1,1,BRUTE-FORCE
J!4v@7FEE9voiY,13,4,1,1,1,1,0,0,0,0,1,0,1,1,BRUTE-FORCE
YVnoT#WiE1,10,4,1,1,1,1,0,0,0,1,0,0,0,1,BRUTE-FORCE
Jre$LbFy@gW@,9,2,1,1,0,0,0,0,0,0,0,0,0,0,BRUTE-FORCE
fWtnCf!rci0s6t,14,4,1,1,1,1,0,0,0,0,1,0,0,1,BRUTE-FORCE
YtAh5rOgqeaep,13,3,1,1,1,0,0,0,0,0,1,0,0,1,BRUTE-FORCE
o3ahejIfKL,10,3,1,1,1,0,0,0,0,0,1,0,0,1,BRUTE-FORCE
nbnBdo0&kPr,11,4,1,1,1,1,0,0,0,0,1,0,0,1,BRUTE-FORCE
1%@h3ijuhT,9,4,1,1,1,1,0,0,1,0,1,0,0,1,BRUTE-FORCE
A1s5zsHbWVq0W*,14,4,1,1,1,1,0,0,0,0,1,0,0,1,BRUTE-FORCE
&%$Kp8PwDt#4,11,4,1,1,1,1,0,0,0,1,1,0,0,1,BRUTE-FORCE
DtF*8eB3emGmT,13,4,1,1,1,1,0,0,0,0,1,0,0,1,BRUTE-FORCE
9dgt3Sfk&Wg,11,4,1,1,1,1,0,0,1,0,1,0,0,1,BRUTE-FORCE
L@8e#yqPJJPj,11,4,1,1,1,1,0,0,0,0,1,0,1,1,BRUTE-FORCE
k@k2c0blb$*v,10,3,1,0,1,1,0,0,0,0,1,0,1,1,BRUTE-FORCE
iP$@RFMjF&,8,3,1,1,0,1,0,0,0,0,0,0,0,0,BRUTE-FORCE
!0Ol&&!C0Efyg,13,4,1,1,1,1,0,0,0,0,1,0,1,1,BRUTE-FORCE
p!ZdmSUpBUy,11,3,1,1,0,1,0,0,0,0,0,0,0,0,BRUTE-FORCE
$&7KfKdz7h%6,11,4,1,1,1,1,0,0,0,1,0,0,0,1,BRUTE-FORCE
3mO*BqGp!wvF,12,4,1,1,1,1,0,0,1,0,0,0,0,1,BRUTE-FORCE
S105jQx&OBxWL7,14,4,1,1,1,1,0,0,0,0,1,0,1,1,BRUTE-FORCE
e&*WXGR!w@,9,3,1,1,0,1,0,0,0,0,0,0,0,0,BRUTE-FORCE
sSA%n#VkFZ8&u,13,4,1,1,1,1,0,0,0,0,1,0,1,1,BRUTE-FORCE
T$AXQ57!&Tip3r,13,4,1,1,1,1,0,0,0,0,1,0,0,1,BRUTE-FORCE
i5DjZmSCsXlk14,14,3,1,1,1,0,0,0,0,1,1,0,0,1,BRUTE-FORCE
P52dTLP49Jil,12,3,1,1,1,0,0,0,0,0,1,0,0,1,BRUTE-FORCE
&2zpSIw0d@s,10,4,1,1,1,1,0,0,0,0,1,0,0,1,BRUTE-FORCE
8SiP*4UO2wgg,12,4,1,1,1,1,0,0,1,0,1,0,1,1,BRUTE-FORCE
ylIhPLiZQ14,11,3,1,1,1,0,0,0,0,1,0,0,0,1,BRUTE-FORCE
FgOse*IuUADbFB,14,3,1,1,0,1,0,0,0,0,0,0,1,1,BRUTE-FORCE
ZInh$HboE7,9,2,1,1,0,0,0,0,0,0,0,0,1,1,BRUTE-FORCE
IG6O2bJ5R6J,11,3,1,1,1,0,0,0,0,0,1,0,0,1,BRUTE-FORCE
d8zwSP1CEo,10,3,1,1,1,0,0,0,0,0,1,0,0,1,BRUTE-FORCE
DJ00Avq9SpTq,12,3,1,1,1,0,0,0,0,0,1,0,1,1,BRUTE-FORCE
5kRFG3C4DU,10,3,1,1,1,0,0,0,1,0,1,0,0,1,BRUTE-FORCE
omu!8xPgWukAXY,14,4,1,1,1,1,0,0,0,0,1,0,0,1,BRUTE-FORCE
UJyuz2rpcah,11,3,1,1,1,0,0,0,0,0,1,0,0,1,BRUTE-FORCE
P6WGzTZS84tjeB,14,3,1,1,1,0,0,0,0,0,1,0,0,1,BRUTE-FORCE
MA9eeMuNafBemX,14,3,1,1,1,0,0,0,0,0,1,0,1,1,BRUTE-FORCE
fX4QEsiApV8,11,3,1,1,1,0,0,0,0,1,1,0,0,1,BRUTE-FORCE
%$cUVueMMa,9,3,1,1,0,1,0,0,0,0,0,0,1,1,BRUTE-FORCE
pSQylD&SV8,10,4,1,1,1,1,0,0,0,1,0,0,0,1,BRUTE-FORCE
!0k5TJzip$z,10,4,1,1,1,1,0,0,0,0,1,0,0,1,BRUTE-FORCE
P3MBcTF27z!CU,13,4,1,1,1,1,0,0,0,0,1,0,0,1,BRUTE-FORCE
zYCkgKB@ip,9,2,1,1,0,0,0,0,0,0,0,0,0,0,BRUTE-FORCE
FXH7&jutzd,10,3,1,1,0,1,0,0,0,0,0,0,0,0,BRUTE-FORCE
gKHkLRX0ENJg,12,3,1,1,1,0,0,0,0,0,1,0,0,1,BRUTE-FORCE
3gehfPdPIOn,11,3,1,1,1,0,0,0,1,0,0,0,0,1,BRUTE-FORCE
TLw&9H0rX4IS!,13,4,1,1,1,1,0,0,0,0,1,0,0,1,BRUTE-FORCE
XaoqH!$$biP3E&,12,4,1,1,1,1,0,0,0,0,1,0,0,1,BRUTE-FORCE
V&t0LlLIm$vu,11,4,1,1,1,1,0,0,0,0,1,0,1,1,BRUTE-FORCE
q#@ibfsi*W6O,11,4,1,1,1,1,0,0,0,0,1,0,0,1,BRUTE-FORCE
EUVzTG#xuWQF2,13,4,1,1,1,1,0,0,0,1,0,0,0,1,BRUTE-FORCE
l8YD6Lues*GG7V,14,4,1,1,1,1,0,0,0,0,1,0,1,1,BRUTE-FORCE
6fw3#9@&1pk#8,12,3,1,0,1,1,0,0,1,1,1,0,0,1,BRUTE-FORCE
3uW@DDlcyrv6g,12,3,1,1,1,0,0,0,1,0,1,0,1,1,BRUTE-FORCE
N$C*vLuAJS*Q,11,3,1,1,0,1,0,0,0,0,0,0,0,0,BRUTE-FORCE
%YeOwAU!03O*a,13,4,1,1,1,1,0,0,0,0,1,0,0,1,BRUTE-FORCE
Y&$%*b1ir4,9,4,1,1,1,1,0,0,0,1,1,0,0,1,BRUTE-FORCE
p9tDFO9gyyr,11,3,1,1,1,0,0,0,0,0,1,0,1,1,BRUTE-FORCE
Jl%qOHQsT*rKd,13,3,1,1,0,1,0,0,0,0,0,0,0,0,BRUTE-FORCE
Y*6fgicMtE85A,13,4,1,1,1,1,0,0,0,0,1,0,0,1,BRUTE-FORCE
CZJscuYAfYu,11,2,1,1,0,0,0,0,0,0,0,0,0,0,BRUTE-FORCE
9GffRxd!FFN3R,13,4,1,1,1,1,0,0,1,0,1,0,1,1,BRUTE-FORCE
W68Kh&CZfT,10,4,1,1,1,1,0,0,0,0,1,0,0,1,BRUTE-FORCE
v4tGJNWrDzEO,12,3,1,1,1,0,0,0,0,0,1,0,0,1,BRUTE-FORCE
m@Dzzn4Zt68,10,3,1,1,1,0,0,0,0,1,1,0,1,1,BRUTE-FORCE
jKtxcZnA$*Gl,11,3,1,1,0,1,0,0,0,0,0,0,0,0,BRUTE-FORCE
udCezOjwJA@S,11,2,1,1,0,0,0,0,0,0,0,0,0,0,BRUTE-FORCE
DR$3Wv5VR*,9,4,1,1,1,1,0,0,0,0,1,0,0,1,BRUTE-FORCE
y&sqNk@ZRO!,10,3,1,1,0,1,0,0,0,0,0,0,0,0,BRUTE-FORCE
f&DRMnKnUQ@X,11,3,1,1,0,1,0,0,0,0,0,0,0,0,BRUTE-FORCE
leI%L#FKh8dk,12,4,1,1,1,1,0,0,0,0,1,0,0,1,BRUTE-FORCE
dnZLQry6Jv,10,3,1,1,1,0,0,0,0,0,1,0,0,1,BRUTE-FORCE
b&!AnPhWKC,10,3,1,1,0,1,0,0,0,0,0,0,0,0,BRUTE-FORCE
I@%IWgr#dS&Lr,12,3,1,1,0,1,0,0,0,0,0,0,0,0,BRUTE-FORCE
G8fklO&vly4YT2,14,4,1,1,1,1,0,0,0,1,1,0,0,1,BRUTE-FORCE
$N7W*of7VBnbx,12,3,1,1,0,1,0,0,0,0,0,0,0,0,BRUTE-FORCE
wIeZJNb8*fA7,12,4,1,1,1,1,0,0,0,0,1,0,0,1,BRUTE-FORCE
zp7Z7SMQ5TgA3,13,3,1,1,1,0,0,0,0,1,1,0,0,1,BRUTE-FORCE
sxE47RaKC2,10,3,1,1,1,0,0,0,0,1,1,0,0,1,BRUTE-FORCE
oOfss34R5&i9,12,4,1,1,1,1,0,0,0,1,1,0,1,1,BRUTE-FORCE
d@tn!sl*IpTvw,12,3,1,1,0,1,0,0,0,0,0,0,0,0,BRUTE-FORCE
iDobgUp@gTU3*6,13,4,1,1,1,1,0,0,0,1,1,0,0,1,BRUTE-FORCE
&ENtUd%54malX,13,4,1,1,1,1,0,0,0,0,1,0,0,1,BRUTE-FORCE
mgdywxHlXi0,11,3,1,1,1,0,0,0,0,1,0,0,0,1,BRUTE-FORCE
USk!$VLHWtNh,11,3,1,1,0,1,0,0,0,0,0,0,0,0,BRUTE-FORCE
#2#N3GOgT8d5Y,13,4,1,1,1,1,0,0,0,0,1,0,0,1,BRUTE-FORCE
D7x$33ANk4QSRE,13,3,1,1,1,0,0,0,0,0,1,0,1,1,BRUTE-FORCE
%U48QJGnn%RTU,13,4,1,1,1,1,0,0,0,0,1,0,1,1,BRUTE-FORCE
gDfKE2Sr1OOxm,13,3,1,1,1,0,0,0,0,0,1,0,1,1,BRUTE-FORCE
izw@kHUFKzxtn,12,2,1,1,0,0,0,0,0,0,0,0,0,0,BRUTE-FORCE
Ukks8Xg2TS,10,3,1,1,1,0,0,0,0,0,1,0,1,1,BRUTE-FORCE
wOe91onZ8e7rn,13,3,1,1,1,0,0,0,0,0,1,0,0,1,BRUTE-FORCE
ozFPWWwTvBZJB,13,2,1,1,0,0,0,0,0,0,0,0,1,1,BRUTE-FORCE
PRG3Ma2J!*URl,13,4,1,1,1,1,0,0,0,0,1,0,0,1,BRUTE-FORCE
$rh80TAykzYO7F,13,3,1,1,1,0,0,0,0,0,1,0,0,1,BRUTE-FORCE
YU*0j2llubAj3@,13,4,1,1,1,1,0,0,0,1,1,0,1,1,BRUTE-FORCE
bvokA3TDTq,10,3,1,1,1,0,0,0,0,0,1,0,0,1,BRUTE-FORCE
MQkNW5wqdIJG,12,3,1,1,1,0,0,0,0,0,1,0,0,1,BRUTE-FORCE
Mc2wSdm*yuiK,12,4,1,1,1,1,0,0,0,0,1,0,0,1,BRUTE-FORCE
5uQZp12luDx#W,13,4,1,1,1,1,0,0,1,0,1,0,0,1,BRUTE-FORCE
K47rjmfWuS4skx,14,3,1,1,1,0,0,0,0,0,1,0,0,1,BRUTE-FORCE
RSIoXF58gw,10,3,1,1,1,0,0,0,0,0,1,0,0,1,BRUTE-FORCE
WUZlAAcoGWC,11,2,1,1,0,0,0,0,0,0,0,0,1,1,BRUTE-FORCE
9*rmClNEzLy,11,4,1,1,1,1,0,0,1,0,0,0,0,1,BRUTE-FORCE
8&5B7mp8hS8hMN,14,4,1,1,1,1,0,0,1,0,1,0,0,1,BRUTE-FORCE
6kpiohK8btOn,12,3,1,1,1,0,0,0,1,0,1,0,0,1,BRUTE-FORCE
AcRHi3GtWVC,11,3,1,1,1,0,0,0,0,0,1,0,0,1,BRUTE-FORCE
rgGnsqxJX&M0Qu,14,4,1,1,1,1,0,0,0,0,1,0,1,1,BRUTE-FORCE
eMwX2P2qUx4,11,3,1,1,1,0,0,0,0,1,1,0,0,1,BRUTE-FORCE
UYKuxMEG7xr5S,13,3,1,1,1,0,0,0,0,0,1,0,0,1,BRUTE-FORCE
O!mjUtjmJg&OaJ,14,3,1,1,0,1,0,0,0,0,0,0,0,0,BRUTE-FORCE
*tP4$abmRcj%fE,13,4,1,1,1,1,0,0,0,0,1,0,0,1,BRUTE-FORCE
@CIA0S@c2!fy,10,4,1,1,1,1,0,0,0,0,1,0,0,1,BRUTE-FORCE
gV91jvdmemQxO,13,3,1,1,1,0,0,0,0,0,1,0,0,1,BRUTE-FORCE
nCB9R0fDlBx,11,3,1,1,1,0,0,0,0,0,1,0,0,1,BRUTE-FORCE
#MnRzjMgVYj$Q,12,3,1,1,0,1,0,0,0,0,0,0,0,0,BRUTE-FORCE
gdxXPY!GK@JJ,11,3,1,1,0,1,0,0,0,0,0,0,1,1,BRUTE-FORCE
bbxwFGYC5@Nv%,12,4,1,1,1,1,0,0,0,0,1,0,1,1,BRUTE-FORCE
z2LTqzmpp5q6mG,14,3,1,1,1,0,0,0,0,0,1,0,1,1,BRUTE-FORCE
rfB*g#4$z9f,10,4,1,1,1,1,0,0,0,0,1,0,0,1,BRUTE-FORCE
1sPbI520@tPB@b,12,3,1,1,1,0,0,0,1,0,1,0,1,1,BRUTE-FORCE
U$K&3!1zyIKu,11,4,1,1,1,1,0,0,0,0,1,0,0,1,BRUTE-FORCE
8%T27#x$9HsC1T,13,4,1,1,1,1,0,0,1,0,1,0,0,1,BRUTE-FORCE
geQQELC@Z9SALx,13,3,1,1,1,0,0,0,0,0,1,0,1,1,BRUTE-FORCE
j%c7wlJCtyh!,12,3,1,1,0,1,0,0,0,0,0,0,0,0,BRUTE-FORCE
epRvFG0*sJL,11,4,1,1,1,1,0,0,0,0,1,0,0,1,BRUTE-FORCE
u3qex6b7D58qDc,14,3,1,1,1,0,0,0,0,0,1,0,0,1,BRUTE-FORCE
jwAPZWStblf,11,2,1,1,0,0,0,0,0,0,0,0,0,0,BRUTE-FORCE
ATYFOQ0I0e@,10,3,1,1,1,0,0,0,0,0,1,0,0,1,BRUTE-FORCE
bfAaZT&k@LZRH,12,3,1,1,0,1,0,0,0,0,0,0,1,1,BRUTE-FORCE
lbeoiUhe&k,10,3,1,1,0,1,0,0,0,0,0,0,0,0,BRUTE-FORCE
En8m8#kaDEIDs,13,4,1,1,1,1,0,0,0,0,1,0,0,1,BRUTE-FORCE
gpiNQvuhWDPQ,12,2,1,1,0,0,0,0,0,0,0,0,0,0,BRUTE-FORCE
Yys8zoW%*$oo,11,4,1,1,1,1,0,0,0,0,1,0,1,1,BRUTE-FORCE
5*KQ@55pDp,9,4,1,1,1,1,0,0,1,0,1,0,1,1,BRUTE-FORCE
kPiH0!KU5s,10,4,1,1,1,1,0,0,0,0,1,0,0,1,BRUTE-FORCE
rYMNy@xrKU,9,2,1,1,0,0,0,0,0,0,0,0,0,0,BRUTE-FORCE
PQFwDx#jHSS,11,3,1,1,0,1,0,0,0,0,0,0,1,1,BRUTE-FORCE
Mp2cs6F5*Qo,11,4,1,1,1,1,0,0,0,0,1,0,0,1,BRUTE-FORCE
bbqiIMKr0qHpRF,14,3,1,1,1,0,0,0,0,0,1,0,1,1,BRUTE-FORCE
VYo$kW9a9vL,10,3,1,1,1,0,0,0,0,0,1,0,0,1,BRUTE-FORCE
l%c#KhEJv#ToG,13,3,1,1,0,1,0,0,0,0,0,0,0,0,BRUTE-FORCE
Uf6jOyWJ#3i43$,13,4,1,1,1,1,0,0,0,1,1,0,0,1,BRUTE-FORCE
oKe3!Xfl74kjr7,14,4,1,1,1,1,0,0,0,0,1,0,1,1,BRUTE-FORCE
hT$vPB#GUq0,10,4,1,1,1,1,0,0,0,1,0,0,0,1,BRUTE-FORCE
T!VbXyv5fSD*,12,4,1,1,1,1,0,0,0,0,1,0,0,1,BRUTE-FORCE
LmRG5bqL7EXdzx,14,3,1,1,1,0,0,0,0,0,1,0,1,1,BRUTE-FORCE
FkyyPP588n,10,3,1,1,1,0,0,0,0,0,1,0,1,1,BRUTE-FORCE
sZvTE!rTC!,10,3,1,1,0,1,0,0,0,0,0,0,0,0,BRUTE-FORCE
spK5lG&D!y,10,4,1,1,1,1,0,0,0,0,1,0,0,1,BRUTE-FORCE
u2r4VH%z&k,10,4,1,1,1,1,0,0,0,0,1,0,0,1,BRUTE-FORCE
JKtqu3e!Ge&!,12,4,1,1,1,1,0,0,0,0,1,0,0,1,BRUTE-FORCE
c8dS6p6*B%B,11,4,1,1,1,1,0,0,0,0,1,0,0,1,BRUTE-FORCE
0J8kjKlY!g,10,4,1,1,1,1,0,0,1,0,1,0,0,1,BRUTE-FORCE
XgFaffDa2fQKeC,14,3,1,1,1,0,0,0,0,0,1,0,1,1,BRUTE-FORCE
r@XZ3Tx5WjNIT#,13,4,1,1,1,1,0,0,0,0,1,0,0,1,BRUTE-FORCE
vjmGJs5mGrk,11,3,1,1,1,0,0,0,0,0,1,0,0,1,BRUTE-FORCE
H%yHk3EL00X,11,4,1,1,1,1,0,0,0,0,1,0,1,1,BRUTE-FORCE
11*SkUljZG,10,4,1,1,1,1,0,0,1,0,0,0,1,1,BRUTE-FORCE
TidHYEauN&9c%F,14,4,1,1,1,1,0,0,0,0,1,0,0,1,BRUTE-FORCE
Tah$PKw%%BH,10,3,1,1,0,1,0,0,0,0,0,0,1,1,BRUTE-FORCE
!gSwJTLklk$R41,13,4,1,1,1,1,0,0,0,1,0,0,0,1,BRUTE-FORCE
ZaQiF1NxsXd5,12,3,1,1,1,0,0,0,0,1,1,0,0,1,BRUTE-FORCE
cwUiSDDhWpO,11,2,1,1,0,0,0,0,0,0,0,0,1,1,BRUTE-FORCE
j%RwL0XVxvSx,12,4,1,1,1,1,0,0,0,0,1,0,0,1,BRUTE-FORCE
1J$XY8N$NvJ,9,3,1,1,1,0,0,0,1,0,1,0,1,1,BRUTE-FORCE
JNolrx7#%I,10,3,1,1,0,1,0,0,0,0,0,0,0,0,BRUTE-FORCE
VokOMbc8e$5GG,12,3,1,1,1,0,0,0,0,0,1,0,1,1,BRUTE-FORCE
UcvedKcAvAa,11,2,1,1,0,0,0,0,0,0,0,0,1,1,BRUTE-FORCE
Ycx#WGzAaU8nAB,14,4,1,1,1,1,0,0,0,0,1,0,1,1,BRUTE-FORCE
HlwwEb3d0jst,12,3,1,1,1,0,0,0,0,0,1,0,1,1,BRUTE-FORCE
WM0t09@IwxRP@U,12,3,1,1,1,0,0,0,0,0,1,0,0,1,BRUTE-FORCE
MBRGbRwu758U7n,14,3,1,1,1,0,0,0,0,0,1,0,0,1,BRUTE-FORCE
snofyOEoVDP,11,2,1,1,0,0,0,0,0,0,0,0,0,0,BRUTE-FORCE
hkY%hvSGI7GtmI,14,3,1,1,0,1,0,0,0,0,0,0,0,0,BRUTE-FORCE
RTI9Atm0KcWsk,13,3,1,1,1,0,0,0,0,0,1,0,0,1,BRUTE-FORCE
ViIunKfUNT,10,2,1,1,0,0,0,0,0,0,0,0,1,1,BRUTE-FORCE
hEhX4eg6dtt#!m,14,4,1,1,1,1,0,0,0,0,1,0,1,1,BRUTE-FORCE
