password_sample,f_length,f_char_class_count,f_has_lowercase,f_has_uppercase,f_has_digit,f_has_symbol,f_dictionary_present,f_has_leetspeak,f_numeric_prefix,f_numeric_suffix,f_numeric_infix,f_has_sequence,f_has_repetition,f_rule_pattern_present,recommendation_label
barandilya,10,1,1,0,0,0,1,0,0,0,0,0,0,0,AVOID_DICTIONARY_WORDS
oysterling,10,1,1,0,0,0,1,0,0,0,0,0,0,0,AVOID_DICTIONARY_WORDS
superradical,12,1,1,0,0,0,1,0,0,0,0,0,1,1,AVOID_DICTIONARY_WORDS
raiser,6,1,1,0,0,0,1,0,0,0,0,0,0,0,AVOID_DICTIONARY_WORDS
trollopish,10,1,1,0,0,0,1,0,0,0,0,0,1,1,AVOID_DICTIONARY_WORDS
propacifist,11,1,1,0,0,0,1,0,0,0,0,0,0,0,AVOID_DICTIONARY_WORDS
bitbitin,8,1,1,0,0,0,1,0,0,0,0,0,0,0,AVOID_DICTIONARY_WORDS
premanufacturing,16,1,1,0,0,0,1,0,0,0,0,0,0,0,AVOID_DICTIONARY_WORDS
rins,4,1,1,0,0,0,1,0,0,0,0,0,0,0,AVOID_DICTIONARY_WORDS
washy,5,1,1,0,0,0,1,0,0,0,0,0,0,0,AVOID_DICTIONARY_WORDS
overtheatricalness,18,1,1,0,0,0,1,0,0,0,0,0,1,1,AVOID_DICTIONARY_WORDS
baseboards,10,1,1,0,0,0,1,0,0,0,0,0,0,0,AVOID_DICTIONARY_WORDS
pennants,8,1,1,0,0,0,1,0,0,0,0,0,1,1,AVOID_DICTIONARY_WORDS
irima,5,1,1,0,0,0,1,0,0,0,0,0,0,0,AVOID_DICTIONARY_WORDS
pithful,7,1,1,0,0,0,1,0,0,0,0,0,0,0,AVOID_DICTIONARY_WORDS
biopsiya,8,1,1,0,0,0,1,0,0,0,0,0,0,0,AVOID_DICTIONARY_WORDS
checkoff,8,1,1,0,0,0,1,0,0,0,0,0,1,1,AVOID_DICTIONARY_WORDS
dybbuk,6,1,1,0,0,0,1,0,0,0,0,0,1,1,AVOID_DICTIONARY_WORDS
rwd,3,1,1,0,0,0,1,0,0,0,0,0,0,0,AVOID_DICTIONARY_WORDS
ammocete,8,1,1,0,0,0,1,0,0,0,0,0,1,1,AVOID_DICTIONARY_WORDS
anticize,8,1,1,0,0,0,1,0,0,0,0,0,0,0,AVOID_DICTIONARY_WORDS
klaverns,8,1,1,0,0,0,1,0,0,0,0,0,0,0,AVOID_DICTIONARY_WORDS
thwart,6,1,1,0,0,0,1,0,0,0,0,0,0,0,AVOID_DICTIONARY_WORDS
phonghi,7,1,1,0,0,0,1,0,0,0,0,0,0,0,AVOID_DICTIONARY_WORDS
decennoval,10,1,1,0,0,0,1,0,0,0,0,0,1,1,AVOID_DICTIONARY_WORDS
prosodian,9,1,1,0,0,0,1,0,0,0,0,0,0,0,AVOID_DICTIONARY_WORDS
glyceryl,8,1,1,0,0,0,1,0,0,0,0,0,0,0,AVOID_DICTIONARY_WORDS
agremens,8,1,1,0,0,0,1,0,0,0,0,0,0,0,AVOID_DICTIONARY_WORDS
decidement,10,1,1,0,0,0,1,0,0,0,0,0,0,0,AVOID_DICTIONARY_WORDS
likeful,7,1,1,0,0,0,1,0,0,0,0,0,0,0,AVOID_DICTIONARY_WORDS
separatism,10,1,1,0,0,0,1,0,0,0,0,0,0,0,AVOID_DICTIONARY_WORDS
tintinnabula,12,1,1,0,0,0,1,0,0,0,0,0,1,1,AVOID_DICTIONARY_WORDS
runouts,7,1,1,0,0,0,1,0,0,0,0,0,0,0,AVOID_DICTIONARY_WORDS
isotropism,10,1,1,0,0,0,1,0,0,0,0,0,0,0,AVOID_DICTIONARY_WORDS
hipponous,9,1,1,0,0,0,1,0,0,0,0,0,1,1,AVOID_DICTIONARY_WORDS
anatomise,9,1,1,0,0,0,1,0,0,0,0,0,0,0,AVOID_DICTIONARY_WORDS
punctualness,12,1,1,0,0,0,1,0,0,0,0,0,1,1,AVOID_DICTIONARY_WORDS
timon,5,1,1,0,0,0,1,0,0,0,0,0,0,0,AVOID_DICTIONARY_WORDS
nonrayed,8,1,1,0,0,0,1,0,0,0,0,0,0,0,AVOID_DICTIONARY_WORDS
encages,7,1,1,0,0,0,1,0,0,0,0,0,0,0,AVOID_DICTIONARY_WORDS
burgundies,10,1,1,0,0,0,1,0,0,0,0,0,0,0,AVOID_DICTIONARY_WORDS
dismantling,11,1,1,0,0,0,1,0,0,0,0,0,0,0,AVOID_DICTIONARY_WORDS
tulyapis,8,1,1,0,0,0,1,0,0,0,0,0,0,0,AVOID_DICTIONARY_WORDS
latian,6,1,1,0,0,0,1,0,0,0,0,0,0,0,AVOID_DICTIONARY_WORDS
punctiliomonger,15,1,1,0,0,0,1,0,0,0,0,0,0,0,AVOID_DICTIONARY_WORDS
sanguinometer,13,1,1,0,0,0,1,0,0,0,0,0,0,0,AVOID_DICTIONARY_WORDS
fibbed,6,1,1,0,0,0,1,0,0,0,0,0,1,1,AVOID_DICTIONARY_WORDS
de-kompiyansa,13,2,1,0,0,1,1,0,0,0,0,0,0,0,AVOID_DICTIONARY_WORDS
sarsaparilya,12,1,1,0,0,0,1,0,0,0,0,0,0,0,AVOID_DICTIONARY_WORDS
speakhouse,10,1,1,0,0,0,1,0,0,0,0,0,0,0,AVOID_DICTIONARY_WORDS
tesselated,10,1,1,0,0,0,1,0,0,0,0,0,1,1,AVOID_DICTIONARY_WORDS
fistulas,8,1,1,0,0,0,1,0,0,0,0,0,0,0,AVOID_DICTIONARY_WORDS
irepike,7,1,1,0,0,0,1,0,0,0,0,0,0,0,AVOID_DICTIONARY_WORDS
heresiography,13,1,1,0,0,0,1,0,0,0,0,0,0,0,AVOID_DICTIONARY_WORDS
protorosaurus,13,1,1,0,0,0,1,0,0,0,0,0,0,0,AVOID_DICTIONARY_WORDS
intertissue,11,1,1,0,0,0,1,0,0,0,0,0,1,1,AVOID_DICTIONARY_WORDS
refractiveness,14,1,1,0,0,0,1,0,0,0,0,0,1,1,AVOID_DICTIONARY_WORDS
appetitiveness,14,1,1,0,0,0,1,0,0,0,0,0,1,1,AVOID_DICTIONARY_WORDS
homoeochromatic,15,1,1,0,0,0,1,0,0,0,0,0,0,0,AVOID_DICTIONARY_WORDS
synochus,8,1,1,0,0,0,1,0,0,0,0,0,0,0,AVOID_DICTIONARY_WORDS
hypermodestly,13,1,1,0,0,0,1,0,0,0,0,0,0,0,AVOID_DICTIONARY_WORDS
pharaoh,7,1,1,0,0,0,1,0,0,0,0,0,0,0,AVOID_DICTIONARY_WORDS
evertor,7,1,1,0,0,0,1,0,0,0,0,0,0,0,AVOID_DICTIONARY_WORDS
kegling,7,1,1,0,0,0,1,0,0,0,0,0,0,0,AVOID_DICTIONARY_WORDS
itupi,5,1,1,0,0,0,1,0,0,0,0,0,0,0,AVOID_DICTIONARY_WORDS
blazoned,8,1,1,0,0,0,1,0,0,0,0,0,0,0,AVOID_DICTIONARY_WORDS
chiromegaly,11,1,1,0,0,0,1,0,0,0,0,0,0,0,AVOID_DICTIONARY_WORDS
escortment,10,1,1,0,0,0,1,0,0,0,0,0,0,0,AVOID_DICTIONARY_WORDS
recombinational,15,1,1,0,0,0,1,0,0,0,0,0,0,0,AVOID_DICTIONARY_WORDS
voc,3,1,1,0,0,0,1,0,0,0,0,0,0,0,AVOID_DICTIONARY_WORDS
combinant,9,1,1,0,0,0,1,0,0,0,0,0,0,0,AVOID_DICTIONARY_WORDS
rattlings,9,1,1,0,0,0,1,0,0,0,0,0,1,1,AVOID_DICTIONARY_WORDS
modulability,12,1,1,0,0,0,1,0,0,0,0,0,0,0,AVOID_DICTIONARY_WORDS
proke,5,1,1,0,0,0,1,0,0,0,0,0,0,0,AVOID_DICTIONARY_WORDS
pretermission,13,1,1,0,0,0,1,0,0,0,0,0,1,1,AVOID_DICTIONARY_WORDS
vengeancely,11,1,1,0,0,0,1,0,0,0,0,0,0,0,AVOID_DICTIONARY_WORDS
gradationately,14,1,1,0,0,0,1,0,0,0,0,0,0,0,AVOID_DICTIONARY_WORDS
whigling,8,1,1,0,0,0,1,0,0,0,0,0,0,0,AVOID_DICTIONARY_WORDS
aspirant,8,1,1,0,0,0,1,0,0,0,0,0,0,0,AVOID_DICTIONARY_WORDS
matakbo,7,1,1,0,0,0,1,0,0,0,0,0,0,0,AVOID_DICTIONARY_WORDS
yarb,4,1,1,0,0,0,1,0,0,0,0,0,0,0,AVOID_DICTIONARY_WORDS
manada,6,1,1,0,0,0,1,0,0,0,0,0,0,0,AVOID_DICTIONARY_WORDS
chamos,6,1,1,0,0,0,1,0,0,0,0,0,0,0,AVOID_DICTIONARY_WORDS
incan,5,1,1,0,0,0,1,0,0,0,0,0,0,0,AVOID_DICTIONARY_WORDS
hydrothermal,12,1,1,0,0,0,1,0,0,0,0,0,0,0,AVOID_DICTIONARY_WORDS
pacificating,12,1,1,0,0,0,1,0,0,0,0,0,0,0,AVOID_DICTIONARY_WORDS
mythoclast,10,1,1,0,0,0,1,0,0,0,0,0,0,0,AVOID_DICTIONARY_WORDS
maggargol,9,1,1,0,0,0,1,0,0,0,0,0,1,1,AVOID_DICTIONARY_WORDS
cineaste,8,1,1,0,0,0,1,0,0,0,0,0,0,0,AVOID_DICTIONARY_WORDS
bumalino,8,1,1,0,0,0,1,0,0,0,0,0,0,0,AVOID_DICTIONARY_WORDS
unmeddlingness,14,1,1,0,0,0,1,0,0,0,0,0,1,1,AVOID_DICTIONARY_WORDS
delicatessens,13,1,1,0,0,0,1,0,0,0,0,0,1,1,AVOID_DICTIONARY_WORDS
remanet,7,1,1,0,0,0,1,0,0,0,0,0,0,0,AVOID_DICTIONARY_WORDS
disentwining,12,1,1,0,0,0,1,0,0,0,0,0,0,0,AVOID_DICTIONARY_WORDS
subproctorship,14,1,1,0,0,0,1,0,0,0,0,0,0,0,AVOID_DICTIONARY_WORDS
hoggs,5,1,1,0,0,0,1,0,0,0,0,0,1,1,AVOID_DICTIONARY_WORDS
infeminine,10,1,1,0,0,0,1,0,0,0,0,0,0,0,AVOID_DICTIONARY_WORDS
unshakeable,11,1,1,0,0,0,1,0,0,0,0,0,0,0,AVOID_DICTIONARY_WORDS
bahamian,8,1,1,0,0,0,1,0,0,0,0,0,0,0,AVOID_DICTIONARY_WORDS
porions,7,1,1,0,0,0,1,0,0,0,0,0,0,0,AVOID_DICTIONARY_WORDS
pagbubuo heolohiko,18,2,1,0,0,1,1,0,0,0,0,0,0,0,AVOID_DICTIONARY_WORDS
threatless,10,1,1,0,0,0,1,0,0,0,0,0,1,1,AVOID_DICTIONARY_WORDS
cephalemia,10,1,1,0,0,0,1,0,0,0,0,0,0,0,AVOID_DICTIONARY_WORDS
outkissed,9,1,1,0,0,0,1,0,0,0,0,0,1,1,AVOID_DICTIONARY_WORDS
pundakan,8,1,1,0,0,0,1,0,0,0,0,0,0,0,AVOID_DICTIONARY_WORDS
overprolifically,16,1,1,0,0,0,1,0,0,0,0,0,1,1,AVOID_DICTIONARY_WORDS
peryodista,10,1,1,0,0,0,1,0,0,0,0,0,0,0,AVOID_DICTIONARY_WORDS
discriminators,14,1,1,0,0,0,1,0,0,0,0,0,0,0,AVOID_DICTIONARY_WORDS
regenerate,10,1,1,0,0,0,1,0,0,0,0,0,0,0,AVOID_DICTIONARY_WORDS
grudging,8,1,1,0,0,0,1,0,0,0,0,0,0,0,AVOID_DICTIONARY_WORDS
alkalinuria,11,1,1,0,0,0,1,0,0,0,0,0,0,0,AVOID_DICTIONARY_WORDS
excitons,8,1,1,0,0,0,1,0,0,0,0,0,0,0,AVOID_DICTIONARY_WORDS
revitalizer,11,1,1,0,0,0,1,0,0,0,0,0,0,0,AVOID_DICTIONARY_WORDS
metosteal,9,1,1,0,0,0,1,0,0,0,0,0,0,0,AVOID_DICTIONARY_WORDS
electroanalytic,15,1,1,0,0,0,1,0,0,0,0,0,0,0,AVOID_DICTIONARY_WORDS
nurserymen,10,1,1,0,0,0,1,0,0,0,0,0,0,0,AVOID_DICTIONARY_WORDS
hyperuresis,11,1,1,0,0,0,1,0,0,0,0,0,0,0,AVOID_DICTIONARY_WORDS
pikeperch,9,1,1,0,0,0,1,0,0,0,0,0,0,0,AVOID_DICTIONARY_WORDS
ternately,9,1,1,0,0,0,1,0,0,0,0,0,0,0,AVOID_DICTIONARY_WORDS
frescoists,10,1,1,0,0,0,1,0,0,0,0,0,0,0,AVOID_DICTIONARY_WORDS
planetaria,10,1,1,0,0,0,1,0,0,0,0,0,0,0,AVOID_DICTIONARY_WORDS
revocations,11,1,1,0,0,0,1,0,0,0,0,0,0,0,AVOID_DICTIONARY_WORDS
tribromphenol,13,1,1,0,0,0,1,0,0,0,0,0,0,0,AVOID_DICTIONARY_WORDS
passwoman,9,1,1,0,0,0,1,0,0,0,0,0,1,1,AVOID_DICTIONARY_WORDS
midscale,8,1,1,0,0,0,1,0,0,0,0,0,0,0,AVOID_DICTIONARY_WORDS
spoliate,8,1,1,0,0,0,1,0,0,0,0,0,0,0,AVOID_DICTIONARY_WORDS
endopleura,10,1,1,0,0,0,1,0,0,0,0,0,0,0,AVOID_DICTIONARY_WORDS
endothecal,10,1,1,0,0,0,1,0,0,0,0,0,0,0,AVOID_DICTIONARY_WORDS
monotelephone,13,1,1,0,0,0,1,0,0,0,0,0,0,0,AVOID_DICTIONARY_WORDS
becowarding,11,1,1,0,0,0,1,0,0,0,0,0,0,0,AVOID_DICTIONARY_WORDS
surfacemen,10,1,1,0,0,0,1,0,0,0,0,0,0,0,AVOID_DICTIONARY_WORDS
bromination,11,1,1,0,0,0,1,0,0,0,0,0,0,0,AVOID_DICTIONARY_WORDS
cumberless,10,1,1,0,0,0,1,0,0,0,0,0,1,1,AVOID_DICTIONARY_WORDS
oscillatoriaceae,16,1,1,0,0,0,1,0,0,0,0,0,1,1,AVOID_DICTIONARY_WORDS
submontagne,11,1,1,0,0,0,1,0,0,0,0,0,0,0,AVOID_DICTIONARY_WORDS
nautical,8,1,1,0,0,0,1,0,0,0,0,0,0,0,AVOID_DICTIONARY_WORDS
exoskeletal,11,1,1,0,0,0,1,0,0,0,0,0,0,0,AVOID_DICTIONARY_WORDS
preconduct,10,1,1,0,0,0,1,0,0,0,0,0,0,0,AVOID_DICTIONARY_WORDS
magnipotent,11,1,1,0,0,0,1,0,0,0,0,0,0,0,AVOID_DICTIONARY_WORDS
scantlinged,11,1,1,0,0,0,1,0,0,0,0,0,0,0,AVOID_DICTIONARY_WORDS
underthought,12,1,1,0,0,0,1,0,0,0,0,0,0,0,AVOID_DICTIONARY_WORDS
prayermaking,12,1,1,0,0,0,1,0,0,0,0,0,0,0,AVOID_DICTIONARY_WORDS
artiodactyl,11,1,1,0,0,0,1,0,0,0,0,0,0,0,AVOID_DICTIONARY_WORDS
deallocates,11,1,1,0,0,0,1,0,0,0,0,0,1,1,AVOID_DICTIONARY_WORDS
pasitelean,10,1,1,0,0,0,1,0,0,0,0,0,0,0,AVOID_DICTIONARY_WORDS
epanisognathism,15,1,1,0,0,0,1,0,0,0,0,0,0,0,AVOID_DICTIONARY_WORDS
microdimensions,15,1,1,0,0,0,1,0,0,0,0,0,0,0,AVOID_DICTIONARY_WORDS
untunneled,10,1,1,0,0,0,1,0,0,0,0,0,1,1,AVOID_DICTIONARY_WORDS
myrmecophagine,14,1,1,0,0,0,1,0,0,0,0,0,0,0,AVOID_DICTIONARY_WORDS
odysseys,8,1,1,0,0,0,1,0,0,0,0,0,1,1,AVOID_DICTIONARY_WORDS
paginating,10,1,1,0,0,0,1,0,0,0,0,0,0,0,AVOID_DICTIONARY_WORDS
topically,9,1,1,0,0,0,1,0,0,0,0,0,1,1,AVOID_DICTIONARY_WORDS
chromeplated,12,1,1,0,0,0,1,0,0,0,0,0,0,0,AVOID_DICTIONARY_WORDS
trellises,9,1,1,0,0,0,1,0,0,0,0,0,1,1,AVOID_DICTIONARY_WORDS
dislocator,10,1,1,0,0,0,1,0,0,0,0,0,0,0,AVOID_DICTIONARY_WORDS
thiaminase,10,1,1,0,0,0,1,0,0,0,0,0,0,0,AVOID_DICTIONARY_WORDS
attenuator,10,1,1,0,0,0,1,0,0,0,0,0,1,1,AVOID_DICTIONARY_WORDS
tamanoas,8,1,1,0,0,0,1,0,0,0,0,0,0,0,AVOID_DICTIONARY_WORDS
crumblet,8,1,1,0,0,0,1,0,0,0,0,0,0,0,AVOID_DICTIONARY_WORDS
ovalities,9,1,1,0,0,0,1,0,0,0,0,0,0,0,AVOID_DICTIONARY_WORDS
nonrhythmically,15,1,1,0,0,0,1,0,0,0,0,0,1,1,AVOID_DICTIONARY_WORDS
xenogeneic,10,1,1,0,0,0,1,0,0,0,0,0,0,0,AVOID_DICTIONARY_WORDS
uncollar,8,1,1,0,0,0,1,0,0,0,0,0,1,1,AVOID_DICTIONARY_WORDS
hydrocoral,10,1,1,0,0,0,1,0,0,0,0,0,0,0,AVOID_DICTIONARY_WORDS
decedent,8,1,1,0,0,0,1,0,0,0,0,0,0,0,AVOID_DICTIONARY_WORDS
macrotome,9,1,1,0,0,0,1,0,0,0,0,0,0,0,AVOID_DICTIONARY_WORDS
enswathing,10,1,1,0,0,0,1,0,0,0,0,0,0,0,AVOID_DICTIONARY_WORDS
suddenness,10,1,1,0,0,0,1,0,0,0,0,0,1,1,AVOID_DICTIONARY_WORDS
ardennite,9,1,1,0,0,0,1,0,0,0,0,0,1,1,AVOID_DICTIONARY_WORDS
impossible,10,1,1,0,0,0,1,0,0,0,0,0,1,1,AVOID_DICTIONARY_WORDS
acuminose,9,1,1,0,0,0,1,0,0,0,0,0,0,0,AVOID_DICTIONARY_WORDS
splurged,8,1,1,0,0,0,1,0,0,0,0,0,0,0,AVOID_DICTIONARY_WORDS
scepters,8,1,1,0,0,0,1,0,0,0,0,0,0,0,AVOID_DICTIONARY_WORDS
unwrathfully,12,1,1,0,0,0,1,0,0,0,0,0,1,1,AVOID_DICTIONARY_WORDS
nonmigrant,10,1,1,0,0,0,1,0,0,0,0,0,0,0,AVOID_DICTIONARY_WORDS
snowshoes,9,1,1,0,0,0,1,0,0,0,0,0,0,0,AVOID_DICTIONARY_WORDS
flavoring,9,1,1,0,0,0,1,0,0,0,0,0,0,0,AVOID_DICTIONARY_WORDS
unfundamentally,15,1,1,0,0,0,1,0,0,0,0,0,1,1,AVOID_DICTIONARY_WORDS
manloloob,9,1,1,0,0,0,1,0,0,0,0,0,1,1,AVOID_DICTIONARY_WORDS
cantoria,8,1,1,0,0,0,1,0,0,0,0,0,0,0,AVOID_DICTIONARY_WORDS
gemuetlich,10,1,1,0,0,0,1,0,0,0,0,0,0,0,AVOID_DICTIONARY_WORDS
walang-kahulilip,16,2,1,0,0,1,1,0,0,0,0,0,0,0,AVOID_DICTIONARY_WORDS
tussucks,8,1,1,0,0,0,1,0,0,0,0,0,1,1,AVOID_DICTIONARY_WORDS
unescapably,11,1,1,0,0,0,1,0,0,0,0,0,0,0,AVOID_DICTIONARY_WORDS
nonaffirmance,13,1,1,0,0,0,1,0,0,0,0,0,1,1,AVOID_DICTIONARY_WORDS
isohemolysis,12,1,1,0,0,0,1,0,0,0,0,0,0,0,AVOID_DICTIONARY_WORDS
insensitivities,15,1,1,0,0,0,1,0,0,0,0,0,0,0,AVOID_DICTIONARY_WORDS
maglakbay,9,1,1,0,0,0,1,0,0,0,0,0,0,0,AVOID_DICTIONARY_WORDS
uncastigated,12,1,1,0,0,0,1,0,0,0,0,0,0,0,AVOID_DICTIONARY_WORDS
giftedness,10,1,1,0,0,0,1,0,0,0,0,0,1,1,AVOID_DICTIONARY_WORDS
walang-pagkapagod,17,2,1,0,0,1,1,0,0,0,0,0,0,0,AVOID_DICTIONARY_WORDS
sabi-sabihan,12,2,1,0,0,1,1,0,0,0,0,0,0,0,AVOID_DICTIONARY_WORDS
unshelled,9,1,1,0,0,0,1,0,0,0,0,0,1,1,AVOID_DICTIONARY_WORDS
nonmysticalness,15,1,1,0,0,0,1,0,0,0,0,0,1,1,AVOID_DICTIONARY_WORDS
spleenish,9,1,1,0,0,0,1,0,0,0,0,0,1,1,AVOID_DICTIONARY_WORDS
ipaangkat,9,1,1,0,0,0,1,0,0,0,0,0,1,1,AVOID_DICTIONARY_WORDS
boninesses,10,1,1,0,0,0,1,0,0,0,0,0,1,1,AVOID_DICTIONARY_WORDS
preachieved,11,1,1,0,0,0,1,0,0,0,0,0,0,0,AVOID_DICTIONARY_WORDS
caleches,8,1,1,0,0,0,1,0,0,0,0,0,0,0,AVOID_DICTIONARY_WORDS
frontiers,9,1,1,0,0,0,1,0,0,0,0,0,0,0,AVOID_DICTIONARY_WORDS
ret@stes,7,1,1,0,0,0,1,0,0,0,0,0,0,0,AVOID_DICTIONARY_WORDS
totoy_brown,11,2,1,0,0,1,1,0,0,0,0,0,0,0,AVOID_DICTIONARY_WORDS
Beauty_@nd_th3_Be@$t,17,4,1,1,1,1,1,1,0,0,1,0,0,1,AVOID_DICTIONARY_WORDS
Pogi_ako,8,3,1,1,0,1,1,0,0,0,0,0,0,0,AVOID_DICTIONARY_WORDS
@y@h,2,1,1,0,0,0,1,0,0,0,0,0,0,0,AVOID_DICTIONARY_WORDS
totoy_brown,11,2,1,0,0,1,1,0,0,0,0,0,0,0,AVOID_DICTIONARY_WORDS
Beauty_@nd_th3_Be@$t,17,4,1,1,1,1,1,1,0,0,1,0,0,1,AVOID_DICTIONARY_WORDS
parakeet012,11,2,1,0,1,0,1,1,0,1,0,1,1,1,AVOID_DICTIONARY_WORDS
resupport012,12,2,1,0,1,0,1,1,0,1,0,1,1,1,AVOID_DICTIONARY_WORDS
totoy_brown,11,2,1,0,0,1,1,0,0,0,0,0,0,0,AVOID_DICTIONARY_WORDS
Beauty_@nd_th3_Be@$t,17,4,1,1,1,1,1,1,0,0,1,0,0,1,AVOID_DICTIONARY_WORDS
s00ths@ys,8,2,1,0,1,0,1,1,0,0,1,0,1,1,AVOID_DICTIONARY_WORDS
refighting,10,1,1,0,0,0,1,0,0,0,0,0,0,0,AVOID_DICTIONARY_WORDS
totoy_brown,11,2,1,0,0,1,1,0,0,0,0,0,0,0,AVOID_DICTIONARY_WORDS
sixing012,9,2,1,0,1,0,1,1,0,1,0,1,0,1,AVOID_DICTIONARY_WORDS
Pogi_ako,8,3,1,1,0,1,1,0,0,0,0,0,0,0,AVOID_DICTIONARY_WORDS
revel@ti0n,9,2,1,0,1,0,1,1,0,0,1,0,0,1,AVOID_DICTIONARY_WORDS
Beauty_@nd_th3_Be@$t,17,4,1,1,1,1,1,1,0,0,1,0,0,1,AVOID_DICTIONARY_WORDS
totoy_brown,11,2,1,0,0,1,1,0,0,0,0,0,0,0,AVOID_DICTIONARY_WORDS
Beauty_@nd_th3_Be@$t,17,4,1,1,1,1,1,1,0,0,1,0,0,1,AVOID_DICTIONARY_WORDS
drad_,4,1,1,0,0,0,1,0,0,0,0,0,0,0,AVOID_DICTIONARY_WORDS
paradoxidian_,12,1,1,0,0,0,1,0,0,0,0,0,0,0,AVOID_DICTIONARY_WORDS
Pogi_ako,8,3,1,1,0,1,1,0,0,0,0,0,0,0,AVOID_DICTIONARY_WORDS
acetopyrin012,13,2,1,0,1,0,1,1,0,1,0,1,0,1,AVOID_DICTIONARY_WORDS
Pogi_ako,8,3,1,1,0,1,1,0,0,0,0,0,0,0,AVOID_DICTIONARY_WORDS
Pogi_ako,8,3,1,1,0,1,1,0,0,0,0,0,0,0,AVOID_DICTIONARY_WORDS
capitaldom012,13,2,1,0,1,0,1,1,0,1,0,1,0,1,AVOID_DICTIONARY_WORDS
undeclare012,12,2,1,0,1,0,1,1,0,1,0,1,0,1,AVOID_DICTIONARY_WORDS
0utbuy,6,2,1,0,1,0,1,1,1,0,0,0,0,1,AVOID_DICTIONARY_WORDS
Beauty_@nd_th3_Be@$t,17,4,1,1,1,1,1,1,0,0,1,0,0,1,AVOID_DICTIONARY_WORDS
totoy_brown,11,2,1,0,0,1,1,0,0,0,0,0,0,0,AVOID_DICTIONARY_WORDS
legalization_,12,1,1,0,0,0,1,0,0,0,0,0,0,0,AVOID_DICTIONARY_WORDS
Beauty_@nd_th3_Be@$t,17,4,1,1,1,1,1,1,0,0,1,0,0,1,AVOID_DICTIONARY_WORDS
disturbant012,13,2,1,0,1,0,1,1,0,1,0,1,0,1,AVOID_DICTIONARY_WORDS
ornithodelph012,15,2,1,0,1,0,1,1,0,1,0,1,0,1,AVOID_DICTIONARY_WORDS
Pogi_ako,8,3,1,1,0,1,1,0,0,0,0,0,0,0,AVOID_DICTIONARY_WORDS
totoy_brown,11,2,1,0,0,1,1,0,0,0,0,0,0,0,AVOID_DICTIONARY_WORDS
honourers012,12,2,1,0,1,0,1,1,0,1,0,1,0,1,AVOID_DICTIONARY_WORDS
@scrib@ble,8,1,1,0,0,0,1,0,0,0,0,0,1,1,AVOID_DICTIONARY_WORDS
metepencephalic012,18,2,1,0,1,0,1,1,0,1,0,1,0,1,AVOID_DICTIONARY_WORDS
mailplane_,9,1,1,0,0,0,1,0,0,0,0,0,0,0,AVOID_DICTIONARY_WORDS
backstroking012,15,2,1,0,1,0,1,1,0,1,0,1,0,1,AVOID_DICTIONARY_WORDS
totoy_brown,11,2,1,0,0,1,1,0,0,0,0,0,0,0,AVOID_DICTIONARY_WORDS
sulphin@te,9,1,1,0,0,0,1,0,0,0,0,0,0,0,AVOID_DICTIONARY_WORDS
Pogi_ako,8,3,1,1,0,1,1,0,0,0,0,0,0,0,AVOID_DICTIONARY_WORDS
totoy_brown,11,2,1,0,0,1,1,0,0,0,0,0,0,0,AVOID_DICTIONARY_WORDS
inseverable_,11,1,1,0,0,0,1,0,0,0,0,0,0,0,AVOID_DICTIONARY_WORDS
Beauty_@nd_th3_Be@$t,17,4,1,1,1,1,1,1,0,0,1,0,0,1,AVOID_DICTIONARY_WORDS
Beauty_@nd_th3_Be@$t,17,4,1,1,1,1,1,1,0,0,1,0,0,1,AVOID_DICTIONARY_WORDS
museist,7,1,1,0,0,0,1,0,0,0,0,0,0,0,AVOID_DICTIONARY_WORDS
p@ngher0,7,2,1,0,1,0,1,1,0,1,0,0,0,1,AVOID_DICTIONARY_WORDS
respecify,9,1,1,0,0,0,1,0,0,0,0,0,0,0,AVOID_DICTIONARY_WORDS
totoy_brown,11,2,1,0,0,1,1,0,0,0,0,0,0,0,AVOID_DICTIONARY_WORDS
totoy_brown,11,2,1,0,0,1,1,0,0,0,0,0,0,0,AVOID_DICTIONARY_WORDS
ibulusok_,8,1,1,0,0,0,1,0,0,0,0,0,0,0,AVOID_DICTIONARY_WORDS
Pogi_ako,8,3,1,1,0,1,1,0,0,0,0,0,0,0,AVOID_DICTIONARY_WORDS
pulsatively012,14,2,1,0,1,0,1,1,0,1,0,1,0,1,AVOID_DICTIONARY_WORDS
totoy_brown,11,2,1,0,0,1,1,0,0,0,0,0,0,0,AVOID_DICTIONARY_WORDS
decuri0ns,9,2,1,0,1,0,1,1,0,0,1,0,0,1,AVOID_DICTIONARY_WORDS
shangalla_,9,1,1,0,0,0,1,0,0,0,0,0,1,1,AVOID_DICTIONARY_WORDS
Beauty_@nd_th3_Be@$t,17,4,1,1,1,1,1,1,0,0,1,0,0,1,AVOID_DICTIONARY_WORDS
paradichlorobenzene012,22,2,1,0,1,0,1,1,0,1,0,1,0,1,AVOID_DICTIONARY_WORDS
Pogi_ako,8,3,1,1,0,1,1,0,0,0,0,0,0,0,AVOID_DICTIONARY_WORDS
buhayin_,7,1,1,0,0,0,1,0,0,0,0,0,0,0,AVOID_DICTIONARY_WORDS
Pogi_ako,8,3,1,1,0,1,1,0,0,0,0,0,0,0,AVOID_DICTIONARY_WORDS
totoy_brown,11,2,1,0,0,1,1,0,0,0,0,0,0,0,AVOID_DICTIONARY_WORDS
k@b@k@hin,6,1,1,0,0,0,1,0,0,0,0,0,0,0,AVOID_DICTIONARY_WORDS
chitlin,7,1,1,0,0,0,1,0,0,0,0,0,0,0,AVOID_DICTIONARY_WORDS
totoy_brown,11,2,1,0,0,1,1,0,0,0,0,0,0,0,AVOID_DICTIONARY_WORDS
Beauty_@nd_th3_Be@$t,17,4,1,1,1,1,1,1,0,0,1,0,0,1,AVOID_DICTIONARY_WORDS
Pogi_ako,8,3,1,1,0,1,1,0,0,0,0,0,0,0,AVOID_DICTIONARY_WORDS
p@gh@h@l@m@n,7,1,1,0,0,0,1,0,0,0,0,0,1,1,AVOID_DICTIONARY_WORDS
Pogi_ako,8,3,1,1,0,1,1,0,0,0,0,0,0,0,AVOID_DICTIONARY_WORDS
utricul@ri@ce@e,12,1,1,0,0,0,1,0,0,0,0,0,1,1,AVOID_DICTIONARY_WORDS
n0nr@te@bleness,13,2,1,0,1,0,1,1,0,0,1,0,1,1,AVOID_DICTIONARY_WORDS
greased_,7,1,1,0,0,0,1,0,0,0,0,0,0,0,AVOID_DICTIONARY_WORDS
Pogi_ako,8,3,1,1,0,1,1,0,0,0,0,0,0,0,AVOID_DICTIONARY_WORDS
attester012,11,2,1,0,1,0,1,1,0,1,0,1,1,1,AVOID_DICTIONARY_WORDS
kakatuwang-kilos012,19,3,1,0,1,1,1,1,0,1,0,1,0,1,AVOID_DICTIONARY_WORDS
mainlanders_,11,1,1,0,0,0,1,0,0,0,0,0,0,0,AVOID_DICTIONARY_WORDS
discomfiter_,11,1,1,0,0,0,1,0,0,0,0,0,0,0,AVOID_DICTIONARY_WORDS
pantheons_,9,1,1,0,0,0,1,0,0,0,0,0,0,0,AVOID_DICTIONARY_WORDS
totoy_brown,11,2,1,0,0,1,1,0,0,0,0,0,0,0,AVOID_DICTIONARY_WORDS
precisianism012,15,2,1,0,1,0,1,1,0,1,0,1,0,1,AVOID_DICTIONARY_WORDS
paranomia012,12,2,1,0,1,0,1,1,0,1,0,1,0,1,AVOID_DICTIONARY_WORDS
Beauty_@nd_th3_Be@$t,17,4,1,1,1,1,1,1,0,0,1,0,0,1,AVOID_DICTIONARY_WORDS
Beauty_@nd_th3_Be@$t,17,4,1,1,1,1,1,1,0,0,1,0,0,1,AVOID_DICTIONARY_WORDS
unmordant_,9,1,1,0,0,0,1,0,0,0,0,0,0,0,AVOID_DICTIONARY_WORDS
kreistle_,8,1,1,0,0,0,1,0,0,0,0,0,0,0,AVOID_DICTIONARY_WORDS
totoy_brown,11,2,1,0,0,1,1,0,0,0,0,0,0,0,AVOID_DICTIONARY_WORDS
tablewise012,12,2,1,0,1,0,1,1,0,1,0,1,0,1,AVOID_DICTIONARY_WORDS
Pogi_ako,8,3,1,1,0,1,1,0,0,0,0,0,0,0,AVOID_DICTIONARY_WORDS
Beauty_@nd_th3_Be@$t,17,4,1,1,1,1,1,1,0,0,1,0,0,1,AVOID_DICTIONARY_WORDS
Beauty_@nd_th3_Be@$t,17,4,1,1,1,1,1,1,0,0,1,0,0,1,AVOID_DICTIONARY_WORDS
Pogi_ako,8,3,1,1,0,1,1,0,0,0,0,0,0,0,AVOID_DICTIONARY_WORDS
Pogi_ako,8,3,1,1,0,1,1,0,0,0,0,0,0,0,AVOID_DICTIONARY_WORDS
proboscidial012,15,2,1,0,1,0,1,1,0,1,0,1,0,1,AVOID_DICTIONARY_WORDS
st@di0meter,10,2,1,0,1,0,1,1,0,0,1,0,0,1,AVOID_DICTIONARY_WORDS
Beauty_@nd_th3_Be@$t,17,4,1,1,1,1,1,1,0,0,1,0,0,1,AVOID_DICTIONARY_WORDS
Beauty_@nd_th3_Be@$t,17,4,1,1,1,1,1,1,0,0,1,0,0,1,AVOID_DICTIONARY_WORDS
Pogi_ako,8,3,1,1,0,1,1,0,0,0,0,0,0,0,AVOID_DICTIONARY_WORDS
Pogi_ako,8,3,1,1,0,1,1,0,0,0,0,0,0,0,AVOID_DICTIONARY_WORDS
Beauty_@nd_th3_Be@$t,17,4,1,1,1,1,1,1,0,0,1,0,0,1,AVOID_DICTIONARY_WORDS
leeg,4,1,1,0,0,0,1,0,0,0,0,0,1,1,AVOID_DICTIONARY_WORDS
totoy_brown,11,2,1,0,0,1,1,0,0,0,0,0,0,0,AVOID_DICTIONARY_WORDS
jonval012,9,2,1,0,1,0,1,1,0,1,0,1,0,1,AVOID_DICTIONARY_WORDS
labi_,4,1,1,0,0,0,1,0,0,0,0,0,0,0,AVOID_DICTIONARY_WORDS
upheaven_,8,1,1,0,0,0,1,0,0,0,0,0,0,0,AVOID_DICTIONARY_WORDS
evangelistaries_,15,1,1,0,0,0,1,0,0,0,0,0,0,0,AVOID_DICTIONARY_WORDS
Beauty_@nd_th3_Be@$t,17,4,1,1,1,1,1,1,0,0,1,0,0,1,AVOID_DICTIONARY_WORDS
cincturing012,13,2,1,0,1,0,1,1,0,1,0,1,0,1,AVOID_DICTIONARY_WORDS
sunhat012,9,2,1,0,1,0,1,1,0,1,0,1,0,1,AVOID_DICTIONARY_WORDS
Beauty_@nd_th3_Be@$t,17,4,1,1,1,1,1,1,0,0,1,0,0,1,AVOID_DICTIONARY_WORDS
Beauty_@nd_th3_Be@$t,17,4,1,1,1,1,1,1,0,0,1,0,0,1,AVOID_DICTIONARY_WORDS
p@gp@p@k@m@t@y,8,1,1,0,0,0,1,0,0,0,0,0,1,1,AVOID_DICTIONARY_WORDS
Pogi_ako,8,3,1,1,0,1,1,0,0,0,0,0,0,0,AVOID_DICTIONARY_WORDS
totoy_brown,11,2,1,0,0,1,1,0,0,0,0,0,0,0,AVOID_DICTIONARY_WORDS
satanically012,14,2,1,0,1,0,1,1,0,1,0,1,1,1,AVOID_DICTIONARY_WORDS
totoy_brown,11,2,1,0,0,1,1,0,0,0,0,0,0,0,AVOID_DICTIONARY_WORDS
re@djudic@ted,11,1,1,0,0,0,1,0,0,0,0,0,0,0,AVOID_DICTIONARY_WORDS
di-m@k@p@gs@lit@,11,2,1,0,0,1,1,0,0,0,0,0,0,0,AVOID_DICTIONARY_WORDS
piedmontite_,11,1,1,0,0,0,1,0,0,0,0,0,0,0,AVOID_DICTIONARY_WORDS
sw00ny,6,2,1,0,1,0,1,1,0,0,1,0,1,1,AVOID_DICTIONARY_WORDS
intercupola_,11,1,1,0,0,0,1,0,0,0,0,0,0,0,AVOID_DICTIONARY_WORDS
grubstaked_,10,1,1,0,0,0,1,0,0,0,0,0,0,0,AVOID_DICTIONARY_WORDS
gynandrarchy_,12,1,1,0,0,0,1,0,0,0,0,0,0,0,AVOID_DICTIONARY_WORDS
Beauty_@nd_th3_Be@$t,17,4,1,1,1,1,1,1,0,0,1,0,0,1,AVOID_DICTIONARY_WORDS
eucryphi@,8,1,1,0,0,0,1,0,0,0,0,0,0,0,AVOID_DICTIONARY_WORDS
throatal012,11,2,1,0,1,0,1,1,0,1,0,1,0,1,AVOID_DICTIONARY_WORDS
Pogi_ako,8,3,1,1,0,1,1,0,0,0,0,0,0,0,AVOID_DICTIONARY_WORDS
Beauty_@nd_th3_Be@$t,17,4,1,1,1,1,1,1,0,0,1,0,0,1,AVOID_DICTIONARY_WORDS
m@nileny0,8,2,1,0,1,0,1,1,0,1,0,0,0,1,AVOID_DICTIONARY_WORDS
totoy_brown,11,2,1,0,0,1,1,0,0,0,0,0,0,0,AVOID_DICTIONARY_WORDS
benne,5,1,1,0,0,0,1,0,0,0,0,0,1,1,AVOID_DICTIONARY_WORDS
g@lv@n0pl@stics,12,2,1,0,1,0,1,1,0,0,1,0,0,1,AVOID_DICTIONARY_WORDS
totoy_brown,11,2,1,0,0,1,1,0,0,0,0,0,0,0,AVOID_DICTIONARY_WORDS
ritards012,10,2,1,0,1,0,1,1,0,1,0,1,0,1,AVOID_DICTIONARY_WORDS
zooecial_,8,1,1,0,0,0,1,0,0,0,0,0,1,1,AVOID_DICTIONARY_WORDS
raucousness_,11,1,1,0,0,0,1,0,0,0,0,0,1,1,AVOID_DICTIONARY_WORDS
totoy_brown,11,2,1,0,0,1,1,0,0,0,0,0,0,0,AVOID_DICTIONARY_WORDS
ign0r@nt,7,2,1,0,1,0,1,1,0,0,1,0,0,1,AVOID_DICTIONARY_WORDS
Pogi_ako,8,3,1,1,0,1,1,0,0,0,0,0,0,0,AVOID_DICTIONARY_WORDS
bem0@ns,6,2,1,0,1,0,1,1,0,0,1,0,0,1,AVOID_DICTIONARY_WORDS
herald_,6,1,1,0,0,0,1,0,0,0,0,0,0,0,AVOID_DICTIONARY_WORDS
underselling012,15,2,1,0,1,0,1,1,0,1,0,1,1,1,AVOID_DICTIONARY_WORDS
char_,4,1,1,0,0,0,1,0,0,0,0,0,0,0,AVOID_DICTIONARY_WORDS
Pogi_ako,8,3,1,1,0,1,1,0,0,0,0,0,0,0,AVOID_DICTIONARY_WORDS
Beauty_@nd_th3_Be@$t,17,4,1,1,1,1,1,1,0,0,1,0,0,1,AVOID_DICTIONARY_WORDS
totoy_brown,11,2,1,0,0,1,1,0,0,0,0,0,0,0,AVOID_DICTIONARY_WORDS
Beauty_@nd_th3_Be@$t,17,4,1,1,1,1,1,1,0,0,1,0,0,1,AVOID_DICTIONARY_WORDS
totoy_brown,11,2,1,0,0,1,1,0,0,0,0,0,0,0,AVOID_DICTIONARY_WORDS
Beauty_@nd_th3_Be@$t,17,4,1,1,1,1,1,1,0,0,1,0,0,1,AVOID_DICTIONARY_WORDS
unvoluble_,9,1,1,0,0,0,1,0,0,0,0,0,0,0,AVOID_DICTIONARY_WORDS
p0tst0ne,8,2,1,0,1,0,1,1,0,0,1,0,0,1,AVOID_DICTIONARY_WORDS
nonblooded_,10,1,1,0,0,0,1,0,0,0,0,0,1,1,AVOID_DICTIONARY_WORDS
m@gb@b@g,5,1,1,0,0,0,1,0,0,0,0,0,1,1,AVOID_DICTIONARY_WORDS
Beauty_@nd_th3_Be@$t,17,4,1,1,1,1,1,1,0,0,1,0,0,1,AVOID_DICTIONARY_WORDS
pagdiskursuhan012,17,2,1,0,1,0,1,1,0,1,0,1,0,1,AVOID_DICTIONARY_WORDS
myel0syring0sis,15,2,1,0,1,0,1,1,0,0,1,0,0,1,AVOID_DICTIONARY_WORDS
nonmomentary012,15,2,1,0,1,0,1,1,0,1,0,1,0,1,AVOID_DICTIONARY_WORDS
Beauty_@nd_th3_Be@$t,17,4,1,1,1,1,1,1,0,0,1,0,0,1,AVOID_DICTIONARY_WORDS
pithecan_,8,1,1,0,0,0,1,0,0,0,0,0,0,0,AVOID_DICTIONARY_WORDS
ekonomika012,12,2,1,0,1,0,1,1,0,1,0,1,0,1,AVOID_DICTIONARY_WORDS
paleornithological_,18,1,1,0,0,0,1,0,0,0,0,0,0,0,AVOID_DICTIONARY_WORDS
allopelagic_,11,1,1,0,0,0,1,0,0,0,0,0,1,1,AVOID_DICTIONARY_WORDS
totoy_brown,11,2,1,0,0,1,1,0,0,0,0,0,0,0,AVOID_DICTIONARY_WORDS
Beauty_@nd_th3_Be@$t,17,4,1,1,1,1,1,1,0,0,1,0,0,1,AVOID_DICTIONARY_WORDS
Pogi_ako,8,3,1,1,0,1,1,0,0,0,0,0,0,0,AVOID_DICTIONARY_WORDS
@rcheg0ni0ph0re,14,2,1,0,1,0,1,1,0,0,1,0,0,1,AVOID_DICTIONARY_WORDS
totoy_brown,11,2,1,0,0,1,1,0,0,0,0,0,0,0,AVOID_DICTIONARY_WORDS
sabina012,9,2,1,0,1,0,1,1,0,1,0,1,0,1,AVOID_DICTIONARY_WORDS
b@silic@,6,1,1,0,0,0,1,0,0,0,0,0,0,0,AVOID_DICTIONARY_WORDS
messmates012,12,2,1,0,1,0,1,1,0,1,0,1,1,1,AVOID_DICTIONARY_WORDS
incomers012,11,2,1,0,1,0,1,1,0,1,0,1,0,1,AVOID_DICTIONARY_WORDS
persalts012,11,2,1,0,1,0,1,1,0,1,0,1,0,1,AVOID_DICTIONARY_WORDS
jotty_,5,1,1,0,0,0,1,0,0,0,0,0,1,1,AVOID_DICTIONARY_WORDS
Beauty_@nd_th3_Be@$t,17,4,1,1,1,1,1,1,0,0,1,0,0,1,AVOID_DICTIONARY_WORDS
Beauty_@nd_th3_Be@$t,17,4,1,1,1,1,1,1,0,0,1,0,0,1,AVOID_DICTIONARY_WORDS
Pogi_ako,8,3,1,1,0,1,1,0,0,0,0,0,0,0,AVOID_DICTIONARY_WORDS
Beauty_@nd_th3_Be@$t,17,4,1,1,1,1,1,1,0,0,1,0,0,1,AVOID_DICTIONARY_WORDS
heterolateral_,13,1,1,0,0,0,1,0,0,0,0,0,0,0,AVOID_DICTIONARY_WORDS
totoy_brown,11,2,1,0,0,1,1,0,0,0,0,0,0,0,AVOID_DICTIONARY_WORDS
Beauty_@nd_th3_Be@$t,17,4,1,1,1,1,1,1,0,0,1,0,0,1,AVOID_DICTIONARY_WORDS
totoy_brown,11,2,1,0,0,1,1,0,0,0,0,0,0,0,AVOID_DICTIONARY_WORDS
pedipulate_,10,1,1,0,0,0,1,0,0,0,0,0,0,0,AVOID_DICTIONARY_WORDS
Beauty_@nd_th3_Be@$t,17,4,1,1,1,1,1,1,0,0,1,0,0,1,AVOID_DICTIONARY_WORDS
Pogi_ako,8,3,1,1,0,1,1,0,0,0,0,0,0,0,AVOID_DICTIONARY_WORDS
demonise012,11,2,1,0,1,0,1,1,0,1,0,1,0,1,AVOID_DICTIONARY_WORDS
Pogi_ako,8,3,1,1,0,1,1,0,0,0,0,0,0,0,AVOID_DICTIONARY_WORDS
Pogi_ako,8,3,1,1,0,1,1,0,0,0,0,0,0,0,AVOID_DICTIONARY_WORDS
xysters012,10,2,1,0,1,0,1,1,0,1,0,1,0,1,AVOID_DICTIONARY_WORDS
Beauty_@nd_th3_Be@$t,17,4,1,1,1,1,1,1,0,0,1,0,0,1,AVOID_DICTIONARY_WORDS
prepave012,10,2,1,0,1,0,1,1,0,1,0,1,0,1,AVOID_DICTIONARY_WORDS
@ldine,5,1,1,0,0,0,1,0,0,0,0,0,0,0,AVOID_DICTIONARY_WORDS
0ur@n0ph0bi@,10,2,1,0,1,0,1,1,1,0,1,0,0,1,AVOID_DICTIONARY_WORDS
totoy_brown,11,2,1,0,0,1,1,0,0,0,0,0,0,0,AVOID_DICTIONARY_WORDS
Beauty_@nd_th3_Be@$t,17,4,1,1,1,1,1,1,0,0,1,0,0,1,AVOID_DICTIONARY_WORDS
baptistery_,10,1,1,0,0,0,1,0,0,0,0,0,0,0,AVOID_DICTIONARY_WORDS
antipathogene012,16,2,1,0,1,0,1,1,0,1,0,1,0,1,AVOID_DICTIONARY_WORDS
totoy_brown,11,2,1,0,0,1,1,0,0,0,0,0,0,0,AVOID_DICTIONARY_WORDS
zJ1uHh4q$V5Tn,12,3,1,1,1,0,0,0,0,0,1,0,1,1,AVOID_PREDICTABLE_PATTERNS
h$KGrUbqa2H,10,3,1,1,1,0,0,0,0,0,1,0,0,1,AVOID_PREDICTABLE_PATTERNS
2DpbMzkrqOcxAF,14,3,1,1,1,0,0,0,1,0,0,0,0,1,AVOID_PREDICTABLE_PATTERNS
V5tYaqsLR4,10,3,1,1,1,0,0,0,0,1,1,0,0,1,AVOID_PREDICTABLE_PATTERNS
06zcM50#R#,10,4,1,1,1,1,0,0,1,0,1,0,0,1,AVOID_PREDICTABLE_PATTERNS
!VZ3l#1TCejjk,13,4,1,1,1,1,0,0,0,0,1,0,1,1,AVOID_PREDICTABLE_PATTERNS
09dzRUYpL7CU,12,3,1,1,1,0,0,0,1,0,0,0,1,1,AVOID_PREDICTABLE_PATTERNS
wgzN5ToO5wqegs,14,3,1,1,1,0,0,0,0,0,1,0,1,1,AVOID_PREDICTABLE_PATTERNS
84RD&f0Tx0R,11,4,1,1,1,1,0,0,1,0,1,0,0,1,AVOID_PREDICTABLE_PATTERNS
@m*vVw6VH6aRgv,13,4,1,1,1,1,0,0,0,0,1,0,1,1,AVOID_PREDICTABLE_PATTERNS
RW&ym5d$e#N,10,4,1,1,1,1,0,0,0,0,1,0,0,1,AVOID_PREDICTABLE_PATTERNS
fO&vtm1MBPqooD,14,4,1,1,1,1,0,0,0,0,1,0,1,1,AVOID_PREDICTABLE_PATTERNS
my74SCd#RVGip,13,4,1,1,1,1,0,0,0,0,1,0,0,1,AVOID_PREDICTABLE_PATTERNS
MY9votWFG5M%nL,14,4,1,1,1,1,0,0,0,0,1,0,0,1,AVOID_PREDICTABLE_PATTERNS
MBoxO*yf!B,10,3,1,1,0,1,0,0,0,0,0,0,0,0,INCREASE_LENGTH
#sB1c1Qh0*dTa,13,4,1,1,1,1,0,0,0,0,1,0,0,1,AVOID_PREDICTABLE_PATTERNS
@Lm@Rm7hLV,8,2,1,1,0,0,0,0,0,0,0,0,0,0,ADD_CHARACTER_VARIETY
vxUG4EDX0G9OT,13,3,1,1,1,0,0,0,0,0,1,0,0,1,AVOID_PREDICTABLE_PATTERNS
0*tfSgFRHkm,11,4,1,1,1,1,0,0,1,0,0,0,0,1,AVOID_PREDICTABLE_PATTERNS
dz%v4jaom8H##&,14,4,1,1,1,1,0,0,0,0,1,0,1,1,AVOID_PREDICTABLE_PATTERNS
NQq2jqYYY3gXT,13,3,1,1,1,0,0,0,0,0,1,0,1,1,AVOID_PREDICTABLE_PATTERNS
J!4v@7FEE9voiY,13,4,1,1,1,1,0,0,0,0,1,0,1,1,AVOID_PREDICTABLE_PATTERNS
YVnoT#WiE1,10,4,1,1,1,1,0,0,0,1,0,0,0,1,AVOID_PREDICTABLE_PATTERNS
Jre$LbFy@gW@,9,2,1,1,0,0,0,0,0,0,0,0,0,0,ADD_CHARACTER_VARIETY
fWtnCf!rci0s6t,14,4,1,1,1,1,0,0,0,0,1,0,0,1,AVOID_PREDICTABLE_PATTERNS
YtAh5rOgqeaep,13,3,1,1,1,0,0,0,0,0,1,0,0,1,AVOID_PREDICTABLE_PATTERNS
o3ahejIfKL,10,3,1,1,1,0,0,0,0,0,1,0,0,1,AVOID_PREDICTABLE_PATTERNS
nbnBdo0&kPr,11,4,1,1,1,1,0,0,0,0,1,0,0,1,AVOID_PREDICTABLE_PATTERNS
1%@h3ijuhT,9,4,1,1,1,1,0,0,1,0,1,0,0,1,AVOID_PREDICTABLE_PATTERNS
A1s5zsHbWVq0W*,14,4,1,1,1,1,0,0,0,0,1,0,0,1,AVOID_PREDICTABLE_PATTERNS
&%$Kp8PwDt#4,11,4,1,1,1,1,0,0,0,1,1,0,0,1,AVOID_PREDICTABLE_PATTERNS
DtF*8eB3emGmT,13,4,1,1,1,1,0,0,0,0,1,0,0,1,AVOID_PREDICTABLE_PATTERNS
9dgt3Sfk&Wg,11,4,1,1,1,1,0,0,1,0,1,0,0,1,AVOID_PREDICTABLE_PATTERNS
L@8e#yqPJJPj,11,4,1,1,1,1,0,0,0,0,1,0,1,1,AVOID_PREDICTABLE_PATTERNS
k@k2c0blb$*v,10,3,1,0,1,1,0,0,0,0,1,0,1,1,AVOID_PREDICTABLE_PATTERNS
iP$@RFMjF&,8,3,1,1,0,1,0,0,0,0,0,0,0,0,INCREASE_LENGTH
!0Ol&&!C0Efyg,13,4,1,1,1,1,0,0,0,0,1,0,1,1,AVOID_PREDICTABLE_PATTERNS
p!ZdmSUpBUy,11,3,1,1,0,1,0,0,0,0,0,0,0,0,INCREASE_LENGTH
$&7KfKdz7h%6,11,4,1,1,1,1,0,0,0,1,0,0,0,1,AVOID_PREDICTABLE_PATTERNS
3mO*BqGp!wvF,12,4,1,1,1,1,0,0,1,0,0,0,0,1,AVOID_PREDICTABLE_PATTERNS
S105jQx&OBxWL7,14,4,1,1,1,1,0,0,0,0,1,0,1,1,AVOID_PREDICTABLE_PATTERNS
e&*WXGR!w@,9,3,1,1,0,1,0,0,0,0,0,0,0,0,INCREASE_LENGTH
sSA%n#VkFZ8&u,13,4,1,1,1,1,0,0,0,0,1,0,1,1,AVOID_PREDICTABLE_PATTERNS
T$AXQ57!&Tip3r,13,4,1,1,1,1,0,0,0,0,1,0,0,1,AVOID_PREDICTABLE_PATTERNS
i5DjZmSCsXlk14,14,3,1,1,1,0,0,0,0,1,1,0,0,1,AVOID_PREDICTABLE_PATTERNS
P52dTLP49Jil,12,3,1,1,1,0,0,0,0,0,1,0,0,1,AVOID_PREDICTABLE_PATTERNS
&2zpSIw0d@s,10,4,1,1,1,1,0,0,0,0,1,0,0,1,AVOID_PREDICTABLE_PATTERNS
8SiP*4UO2wgg,12,4,1,1,1,1,0,0,1,0,1,0,1,1,AVOID_PREDICTABLE_PATTERNS
ylIhPLiZQ14,11,3,1,1,1,0,0,0,0,1,0,0,0,1,AVOID_PREDICTABLE_PATTERNS
FgOse*IuUADbFB,14,3,1,1,0,1,0,0,0,0,0,0,1,1,AVOID_PREDICTABLE_PATTERNS
ZInh$HboE7,9,2,1,1,0,0,0,0,0,0,0,0,1,1,AVOID_PREDICTABLE_PATTERNS
IG6O2bJ5R6J,11,3,1,1,1,0,0,0,0,0,1,0,0,1,AVOID_PREDICTABLE_PATTERNS
d8zwSP1CEo,10,3,1,1,1,0,0,0,0,0,1,0,0,1,AVOID_PREDICTABLE_PATTERNS
DJ00Avq9SpTq,12,3,1,1,1,0,0,0,0,0,1,0,1,1,AVOID_PREDICTABLE_PATTERNS
5kRFG3C4DU,10,3,1,1,1,0,0,0,1,0,1,0,0,1,AVOID_PREDICTABLE_PATTERNS
omu!8xPgWukAXY,14,4,1,1,1,1,0,0,0,0,1,0,0,1,AVOID_PREDICTABLE_PATTERNS
UJyuz2rpcah,11,3,1,1,1,0,0,0,0,0,1,0,0,1,AVOID_PREDICTABLE_PATTERNS
P6WGzTZS84tjeB,14,3,1,1,1,0,0,0,0,0,1,0,0,1,AVOID_PREDICTABLE_PATTERNS
MA9eeMuNafBemX,14,3,1,1,1,0,0,0,0,0,1,0,1,1,AVOID_PREDICTABLE_PATTERNS
fX4QEsiApV8,11,3,1,1,1,0,0,0,0,1,1,0,0,1,AVOID_PREDICTABLE_PATTERNS
%$cUVueMMa,9,3,1,1,0,1,0,0,0,0,0,0,1,1,AVOID_PREDICTABLE_PATTERNS
pSQylD&SV8,10,4,1,1,1,1,0,0,0,1,0,0,0,1,AVOID_PREDICTABLE_PATTERNS
!0k5TJzip$z,10,4,1,1,1,1,0,0,0,0,1,0,0,1,AVOID_PREDICTABLE_PATTERNS
P3MBcTF27z!CU,13,4,1,1,1,1,0,0,0,0,1,0,0,1,AVOID_PREDICTABLE_PATTERNS
zYCkgKB@ip,9,2,1,1,0,0,0,0,0,0,0,0,0,0,ADD_CHARACTER_VARIETY
FXH7&jutzd,10,3,1,1,0,1,0,0,0,0,0,0,0,0,INCREASE_LENGTH
gKHkLRX0ENJg,12,3,1,1,1,0,0,0,0,0,1,0,0,1,AVOID_PREDICTABLE_PATTERNS
3gehfPdPIOn,11,3,1,1,1,0,0,0,1,0,0,0,0,1,AVOID_PREDICTABLE_PATTERNS
TLw&9H0rX4IS!,13,4,1,1,1,1,0,0,0,0,1,0,0,1,AVOID_PREDICTABLE_PATTERNS
XaoqH!$$biP3E&,12,4,1,1,1,1,0,0,0,0,1,0,0,1,AVOID_PREDICTABLE_PATTERNS
V&t0LlLIm$vu,11,4,1,1,1,1,0,0,0,0,1,0,1,1,AVOID_PREDICTABLE_PATTERNS
q#@ibfsi*W6O,11,4,1,1,1,1,0,0,0,0,1,0,0,1,AVOID_PREDICTABLE_PATTERNS
EUVzTG#xuWQF2,13,4,1,1,1,1,0,0,0,1,0,0,0,1,AVOID_PREDICTABLE_PATTERNS
l8YD6Lues*GG7V,14,4,1,1,1,1,0,0,0,0,1,0,1,1,AVOID_PREDICTABLE_PATTERNS
6fw3#9@&1pk#8,12,3,1,0,1,1,0,0,1,1,1,0,0,1,AVOID_PREDICTABLE_PATTERNS
3uW@DDlcyrv6g,12,3,1,1,1,0,0,0,1,0,1,0,1,1,AVOID_PREDICTABLE_PATTERNS
N$C*vLuAJS*Q,11,3,1,1,0,1,0,0,0,0,0,0,0,0,INCREASE_LENGTH
%YeOwAU!03O*a,13,4,1,1,1,1,0,0,0,0,1,0,0,1,AVOID_PREDICTABLE_PATTERNS
Y&$%*b1ir4,9,4,1,1,1,1,0,0,0,1,1,0,0,1,AVOID_PREDICTABLE_PATTERNS
p9tDFO9gyyr,11,3,1,1,1,0,0,0,0,0,1,0,1,1,AVOID_PREDICTABLE_PATTERNS
Jl%qOHQsT*rKd,13,3,1,1,0,1,0,0,0,0,0,0,0,0,INCREASE_LENGTH
Y*6fgicMtE85A,13,4,1,1,1,1,0,0,0,0,1,0,0,1,AVOID_PREDICTABLE_PATTERNS
CZJscuYAfYu,11,2,1,1,0,0,0,0,0,0,0,0,0,0,ADD_CHARACTER_VARIETY
9GffRxd!FFN3R,13,4,1,1,1,1,0,0,1,0,1,0,1,1,AVOID_PREDICTABLE_PATTERNS
W68Kh&CZfT,10,4,1,1,1,1,0,0,0,0,1,0,0,1,AVOID_PREDICTABLE_PATTERNS
v4tGJNWrDzEO,12,3,1,1,1,0,0,0,0,0,1,0,0,1,AVOID_PREDICTABLE_PATTERNS
m@Dzzn4Zt68,10,3,1,1,1,0,0,0,0,1,1,0,1,1,AVOID_PREDICTABLE_PATTERNS
jKtxcZnA$*Gl,11,3,1,1,0,1,0,0,0,0,0,0,0,0,INCREASE_LENGTH
udCezOjwJA@S,11,2,1,1,0,0,0,0,0,0,0,0,0,0,ADD_CHARACTER_VARIETY
DR$3Wv5VR*,9,4,1,1,1,1,0,0,0,0,1,0,0,1,AVOID_PREDICTABLE_PATTERNS
y&sqNk@ZRO!,10,3,1,1,0,1,0,0,0,0,0,0,0,0,INCREASE_LENGTH
f&DRMnKnUQ@X,11,3,1,1,0,1,0,0,0,0,0,0,0,0,INCREASE_LENGTH
leI%L#FKh8dk,12,4,1,1,1,1,0,0,0,0,1,0,0,1,AVOID_PREDICTABLE_PATTERNS
dnZLQry6Jv,10,3,1,1,1,0,0,0,0,0,1,0,0,1,AVOID_PREDICTABLE_PATTERNS
b&!AnPhWKC,10,3,1,1,0,1,0,0,0,0,0,0,0,0,INCREASE_LENGTH
I@%IWgr#dS&Lr,12,3,1,1,0,1,0,0,0,0,0,0,0,0,INCREASE_LENGTH
G8fklO&vly4YT2,14,4,1,1,1,1,0,0,0,1,1,0,0,1,AVOID_PREDICTABLE_PATTERNS
$N7W*of7VBnbx,12,3,1,1,0,1,0,0,0,0,0,0,0,0,INCREASE_LENGTH
wIeZJNb8*fA7,12,4,1,1,1,1,0,0,0,0,1,0,0,1,AVOID_PREDICTABLE_PATTERNS
zp7Z7SMQ5TgA3,13,3,1,1,1,0,0,0,0,1,1,0,0,1,AVOID_PREDICTABLE_PATTERNS
sxE47RaKC2,10,3,1,1,1,0,0,0,0,1,1,0,0,1,AVOID_PREDICTABLE_PATTERNS
oOfss34R5&i9,12,4,1,1,1,1,0,0,0,1,1,0,1,1,AVOID_PREDICTABLE_PATTERNS
d@tn!sl*IpTvw,12,3,1,1,0,1,0,0,0,0,0,0,0,0,INCREASE_LENGTH
iDobgUp@gTU3*6,13,4,1,1,1,1,0,0,0,1,1,0,0,1,AVOID_PREDICTABLE_PATTERNS
&ENtUd%54malX,13,4,1,1,1,1,0,0,0,0,1,0,0,1,AVOID_PREDICTABLE_PATTERNS
mgdywxHlXi0,11,3,1,1,1,0,0,0,0,1,0,0,0,1,AVOID_PREDICTABLE_PATTERNS
USk!$VLHWtNh,11,3,1,1,0,1,0,0,0,0,0,0,0,0,INCREASE_LENGTH
#2#N3GOgT8d5Y,13,4,1,1,1,1,0,0,0,0,1,0,0,1,AVOID_PREDICTABLE_PATTERNS
D7x$33ANk4QSRE,13,3,1,1,1,0,0,0,0,0,1,0,1,1,AVOID_PREDICTABLE_PATTERNS
%U48QJGnn%RTU,13,4,1,1,1,1,0,0,0,0,1,0,1,1,AVOID_PREDICTABLE_PATTERNS
gDfKE2Sr1OOxm,13,3,1,1,1,0,0,0,0,0,1,0,1,1,AVOID_PREDICTABLE_PATTERNS
izw@kHUFKzxtn,12,2,1,1,0,0,0,0,0,0,0,0,0,0,ADD_CHARACTER_VARIETY
Ukks8Xg2TS,10,3,1,1,1,0,0,0,0,0,1,0,1,1,AVOID_PREDICTABLE_PATTERNS
wOe91onZ8e7rn,13,3,1,1,1,0,0,0,0,0,1,0,0,1,AVOID_PREDICTABLE_PATTERNS
ozFPWWwTvBZJB,13,2,1,1,0,0,0,0,0,0,0,0,1,1,AVOID_PREDICTABLE_PATTERNS
PRG3Ma2J!*URl,13,4,1,1,1,1,0,0,0,0,1,0,0,1,AVOID_PREDICTABLE_PATTERNS
$rh80TAykzYO7F,13,3,1,1,1,0,0,0,0,0,1,0,0,1,AVOID_PREDICTABLE_PATTERNS
YU*0j2llubAj3@,13,4,1,1,1,1,0,0,0,1,1,0,1,1,AVOID_PREDICTABLE_PATTERNS
bvokA3TDTq,10,3,1,1,1,0,0,0,0,0,1,0,0,1,AVOID_PREDICTABLE_PATTERNS
MQkNW5wqdIJG,12,3,1,1,1,0,0,0,0,0,1,0,0,1,AVOID_PREDICTABLE_PATTERNS
Mc2wSdm*yuiK,12,4,1,1,1,1,0,0,0,0,1,0,0,1,AVOID_PREDICTABLE_PATTERNS
5uQZp12luDx#W,13,4,1,1,1,1,0,0,1,0,1,0,0,1,AVOID_PREDICTABLE_PATTERNS
K47rjmfWuS4skx,14,3,1,1,1,0,0,0,0,0,1,0,0,1,AVOID_PREDICTABLE_PATTERNS
RSIoXF58gw,10,3,1,1,1,0,0,0,0,0,1,0,0,1,AVOID_PREDICTABLE_PATTERNS
WUZlAAcoGWC,11,2,1,1,0,0,0,0,0,0,0,0,1,1,AVOID_PREDICTABLE_PATTERNS
9*rmClNEzLy,11,4,1,1,1,1,0,0,1,0,0,0,0,1,AVOID_PREDICTABLE_PATTERNS
8&5B7mp8hS8hMN,14,4,1,1,1,1,0,0,1,0,1,0,0,1,AVOID_PREDICTABLE_PATTERNS
6kpiohK8btOn,12,3,1,1,1,0,0,0,1,0,1,0,0,1,AVOID_PREDICTABLE_PATTERNS
AcRHi3GtWVC,11,3,1,1,1,0,0,0,0,0,1,0,0,1,AVOID_PREDICTABLE_PATTERNS
rgGnsqxJX&M0Qu,14,4,1,1,1,1,0,0,0,0,1,0,1,1,AVOID_PREDICTABLE_PATTERNS
eMwX2P2qUx4,11,3,1,1,1,0,0,0,0,1,1,0,0,1,AVOID_PREDICTABLE_PATTERNS
UYKuxMEG7xr5S,13,3,1,1,1,0,0,0,0,0,1,0,0,1,AVOID_PREDICTABLE_PATTERNS
O!mjUtjmJg&OaJ,14,3,1,1,0,1,0,0,0,0,0,0,0,0,INCREASE_LENGTH
*tP4$abmRcj%fE,13,4,1,1,1,1,0,0,0,0,1,0,0,1,AVOID_PREDICTABLE_PATTERNS
@CIA0S@c2!fy,10,4,1,1,1,1,0,0,0,0,1,0,0,1,AVOID_PREDICTABLE_PATTERNS
gV91jvdmemQxO,13,3,1,1,1,0,0,0,0,0,1,0,0,1,AVOID_PREDICTABLE_PATTERNS
nCB9R0fDlBx,11,3,1,1,1,0,0,0,0,0,1,0,0,1,AVOID_PREDICTABLE_PATTERNS
#MnRzjMgVYj$Q,12,3,1,1,0,1,0,0,0,0,0,0,0,0,INCREASE_LENGTH
gdxXPY!GK@JJ,11,3,1,1,0,1,0,0,0,0,0,0,1,1,AVOID_PREDICTABLE_PATTERNS
bbxwFGYC5@Nv%,12,4,1,1,1,1,0,0,0,0,1,0,1,1,AVOID_PREDICTABLE_PATTERNS
z2LTqzmpp5q6mG,14,3,1,1,1,0,0,0,0,0,1,0,1,1,AVOID_PREDICTABLE_PATTERNS
rfB*g#4$z9f,10,4,1,1,1,1,0,0,0,0,1,0,0,1,AVOID_PREDICTABLE_PATTERNS
1sPbI520@tPB@b,12,3,1,1,1,0,0,0,1,0,1,0,1,1,AVOID_PREDICTABLE_PATTERNS
U$K&3!1zyIKu,11,4,1,1,1,1,0,0,0,0,1,0,0,1,AVOID_PREDICTABLE_PATTERNS
8%T27#x$9HsC1T,13,4,1,1,1,1,0,0,1,0,1,0,0,1,AVOID_PREDICTABLE_PATTERNS
geQQELC@Z9SALx,13,3,1,1,1,0,0,0,0,0,1,0,1,1,AVOID_PREDICTABLE_PATTERNS
j%c7wlJCtyh!,12,3,1,1,0,1,0,0,0,0,0,0,0,0,INCREASE_LENGTH
epRvFG0*sJL,11,4,1,1,1,1,0,0,0,0,1,0,0,1,AVOID_PREDICTABLE_PATTERNS
u3qex6b7D58qDc,14,3,1,1,1,0,0,0,0,0,1,0,0,1,AVOID_PREDICTABLE_PATTERNS
jwAPZWStblf,11,2,1,1,0,0,0,0,0,0,0,0,0,0,ADD_CHARACTER_VARIETY
ATYFOQ0I0e@,10,3,1,1,1,0,0,0,0,0,1,0,0,1,AVOID_PREDICTABLE_PATTERNS
bfAaZT&k@LZRH,12,3,1,1,0,1,0,0,0,0,0,0,1,1,AVOID_PREDICTABLE_PATTERNS
lbeoiUhe&k,10,3,1,1,0,1,0,0,0,0,0,0,0,0,INCREASE_LENGTH
En8m8#kaDEIDs,13,4,1,1,1,1,0,0,0,0,1,0,0,1,AVOID_PREDICTABLE_PATTERNS
gpiNQvuhWDPQ,12,2,1,1,0,0,0,0,0,0,0,0,0,0,ADD_CHARACTER_VARIETY
Yys8zoW%*$oo,11,4,1,1,1,1,0,0,0,0,1,0,1,1,AVOID_PREDICTABLE_PATTERNS
5*KQ@55pDp,9,4,1,1,1,1,0,0,1,0,1,0,1,1,AVOID_PREDICTABLE_PATTERNS
kPiH0!KU5s,10,4,1,1,1,1,0,0,0,0,1,0,0,1,AVOID_PREDICTABLE_PATTERNS
rYMNy@xrKU,9,2,1,1,0,0,0,0,0,0,0,0,0,0,ADD_CHARACTER_VARIETY
PQFwDx#jHSS,11,3,1,1,0,1,0,0,0,0,0,0,1,1,AVOID_PREDICTABLE_PATTERNS
Mp2cs6F5*Qo,11,4,1,1,1,1,0,0,0,0,1,0,0,1,AVOID_PREDICTABLE_PATTERNS
bbqiIMKr0qHpRF,14,3,1,1,1,0,0,0,0,0,1,0,1,1,AVOID_PREDICTABLE_PATTERNS
VYo$kW9a9vL,10,3,1,1,1,0,0,0,0,0,1,0,0,1,AVOID_PREDICTABLE_PATTERNS
l%c#KhEJv#ToG,13,3,1,1,0,1,0,0,0,0,0,0,0,0,INCREASE_LENGTH
Uf6jOyWJ#3i43$,13,4,1,1,1,1,0,0,0,1,1,0,0,1,AVOID_PREDICTABLE_PATTERNS
oKe3!Xfl74kjr7,14,4,1,1,1,1,0,0,0,0,1,0,1,1,AVOID_PREDICTABLE_PATTERNS
hT$vPB#GUq0,10,4,1,1,1,1,0,0,0,1,0,0,0,1,AVOID_PREDICTABLE_PATTERNS
T!VbXyv5fSD*,12,4,1,1,1,1,0,0,0,0,1,0,0,1,AVOID_PREDICTABLE_PATTERNS
LmRG5bqL7EXdzx,14,3,1,1,1,0,0,0,0,0,1,0,1,1,AVOID_PREDICTABLE_PATTERNS
FkyyPP588n,10,3,1,1,1,0,0,0,0,0,1,0,1,1,AVOID_PREDICTABLE_PATTERNS
sZvTE!rTC!,10,3,1,1,0,1,0,0,0,0,0,0,0,0,INCREASE_LENGTH
spK5lG&D!y,10,4,1,1,1,1,0,0,0,0,1,0,0,1,AVOID_PREDICTABLE_PATTERNS
u2r4VH%z&k,10,4,1,1,1,1,0,0,0,0,1,0,0,1,AVOID_PREDICTABLE_PATTERNS
JKtqu3e!Ge&!,12,4,1,1,1,1,0,0,0,0,1,0,0,1,AVOID_PREDICTABLE_PATTERNS
c8dS6p6*B%B,11,4,1,1,1,1,0,0,0,0,1,0,0,1,AVOID_PREDICTABLE_PATTERNS
0J8kjKlY!g,10,4,1,1,1,1,0,0,1,0,1,0,0,1,AVOID_PREDICTABLE_PATTERNS
XgFaffDa2fQKeC,14,3,1,1,1,0,0,0,0,0,1,0,1,1,AVOID_PREDICTABLE_PATTERNS
r@XZ3Tx5WjNIT#,13,4,1,1,1,1,0,0,0,0,1,0,0,1,AVOID_PREDICTABLE_PATTERNS
vjmGJs5mGrk,11,3,1,1,1,0,0,0,0,0,1,0,0,1,AVOID_PREDICTABLE_PATTERNS
H%yHk3EL00X,11,4,1,1,1,1,0,0,0,0,1,0,1,1,AVOID_PREDICTABLE_PATTERNS
11*SkUljZG,10,4,1,1,1,1,0,0,1,0,0,0,1,1,AVOID_PREDICTABLE_PATTERNS
TidHYEauN&9c%F,14,4,1,1,1,1,0,0,0,0,1,0,0,1,AVOID_PREDICTABLE_PATTERNS
Tah$PKw%%BH,10,3,1,1,0,1,0,0,0,0,0,0,1,1,AVOID_PREDICTABLE_PATTERNS
!gSwJTLklk$R41,13,4,1,1,1,1,0,0,0,1,0,0,0,1,AVOID_PREDICTABLE_PATTERNS
ZaQiF1NxsXd5,12,3,1,1,1,0,0,0,0,1,1,0,0,1,AVOID_PREDICTABLE_PATTERNS
cwUiSDDhWpO,11,2,1,1,0,0,0,0,0,0,0,0,1,1,AVOID_PREDICTABLE_PATTERNS
j%RwL0XVxvSx,12,4,1,1,1,1,0,0,0,0,1,0,0,1,AVOID_PREDICTABLE_PATTERNS
1J$XY8N$NvJ,9,3,1,1,1,0,0,0,1,0,1,0,1,1,AVOID_PREDICTABLE_PATTERNS
JNolrx7#%I,10,3,1,1,0,1,0,0,0,0,0,0,0,0,INCREASE_LENGTH
VokOMbc8e$5GG,12,3,1,1,1,0,0,0,0,0,1,0,1,1,AVOID_PREDICTABLE_PATTERNS
UcvedKcAvAa,11,2,1,1,0,0,0,0,0,0,0,0,1,1,AVOID_PREDICTABLE_PATTERNS
Ycx#WGzAaU8nAB,14,4,1,1,1,1,0,0,0,0,1,0,1,1,AVOID_PREDICTABLE_PATTERNS
HlwwEb3d0jst,12,3,1,1,1,0,0,0,0,0,1,0,1,1,AVOID_PREDICTABLE_PATTERNS
WM0t09@IwxRP@U,12,3,1,1,1,0,0,0,0,0,1,0,0,1,AVOID_PREDICTABLE_PATTERNS
MBRGbRwu758U7n,14,3,1,1,1,0,0,0,0,0,1,0,0,1,AVOID_PREDICTABLE_PATTERNS
snofyOEoVDP,11,2,1,1,0,0,0,0,0,0,0,0,0,0,ADD_CHARACTER_VARIETY
hkY%hvSGI7GtmI,14,3,1,1,0,1,0,0,0,0,0,0,0,0,INCREASE_LENGTH
RTI9Atm0KcWsk,13,3,1,1,1,0,0,0,0,0,1,0,0,1,AVOID_PREDICTABLE_PATTERNS
ViIunKfUNT,10,2,1,1,0,0,0,0,0,0,0,0,1,1,AVOID_PREDICTABLE_PATTERNS
hEhX4eg6dtt#!m,14,4,1,1,1,1,0,0,0,0,1,0,1,1,AVOID_PREDICTABLE_PATTERNS
