password_sample,f_length,f_char_class_count,f_has_lowercase,f_has_uppercase,f_has_digit,f_has_symbol,f_dictionary_present,f_has_leetspeak,f_numeric_prefix,f_numeric_suffix,f_numeric_infix,f_has_sequence,f_has_repetition,f_rule_pattern_present,security_score,risk_label
barandilya,10,1,1,0,0,0,1,0,0,0,0,0,0,0,8,CRITICAL
oysterling,10,1,1,0,0,0,1,0,0,0,0,0,0,0,8,CRITICAL
superradical,12,1,1,0,0,0,1,0,0,0,0,0,1,1,-13,CRITICAL
raiser,6,1,1,0,0,0,1,0,0,0,0,0,0,0,0,CRITICAL
trollopish,10,1,1,0,0,0,1,0,0,0,0,0,1,1,-17,CRITICAL
propacifist,11,1,1,0,0,0,1,0,0,0,0,0,0,0,10,CRITICAL
bitbitin,8,1,1,0,0,0,1,0,0,0,0,0,0,0,4,CRITICAL
premanufacturing,16,1,1,0,0,0,1,0,0,0,0,0,0,0,20,CRITICAL
rins,4,1,1,0,0,0,1,0,0,0,0,0,0,0,-4,CRITICAL
washy,5,1,1,0,0,0,1,0,0,0,0,0,0,0,-2,CRITICAL
overtheatricalness,18,1,1,0,0,0,1,0,0,0,0,0,1,1,-1,CRITICAL
baseboards,10,1,1,0,0,0,1,0,0,0,0,0,0,0,8,CRITICAL
pennants,8,1,1,0,0,0,1,0,0,0,0,0,1,1,-21,CRITICAL
irima,5,1,1,0,0,0,1,0,0,0,0,0,0,0,-2,CRITICAL
pithful,7,1,1,0,0,0,1,0,0,0,0,0,0,0,2,CRITICAL
biopsiya,8,1,1,0,0,0,1,0,0,0,0,0,0,0,4,CRITICAL
checkoff,8,1,1,0,0,0,1,0,0,0,0,0,1,1,-21,CRITICAL
dybbuk,6,1,1,0,0,0,1,0,0,0,0,0,1,1,-25,CRITICAL
rwd,3,1,1,0,0,0,1,0,0,0,0,0,0,0,-6,CRITICAL
ammocete,8,1,1,0,0,0,1,0,0,0,0,0,1,1,-21,CRITICAL
anticize,8,1,1,0,0,0,1,0,0,0,0,0,0,0,4,CRITICAL
klaverns,8,1,1,0,0,0,1,0,0,0,0,0,0,0,4,CRITICAL
thwart,6,1,1,0,0,0,1,0,0,0,0,0,0,0,0,CRITICAL
phonghi,7,1,1,0,0,0,1,0,0,0,0,0,0,0,2,CRITICAL
decennoval,10,1,1,0,0,0,1,0,0,0,0,0,1,1,-17,CRITICAL
prosodian,9,1,1,0,0,0,1,0,0,0,0,0,0,0,6,CRITICAL
glyceryl,8,1,1,0,0,0,1,0,0,0,0,0,0,0,4,CRITICAL
agremens,8,1,1,0,0,0,1,0,0,0,0,0,0,0,4,CRITICAL
decidement,10,1,1,0,0,0,1,0,0,0,0,0,0,0,8,CRITICAL
likeful,7,1,1,0,0,0,1,0,0,0,0,0,0,0,2,CRITICAL
separatism,10,1,1,0,0,0,1,0,0,0,0,0,0,0,8,CRITICAL
tintinnabula,12,1,1,0,0,0,1,0,0,0,0,0,1,1,-13,CRITICAL
runouts,7,1,1,0,0,0,1,0,0,0,0,0,0,0,2,CRITICAL
isotropism,10,1,1,0,0,0,1,0,0,0,0,0,0,0,8,CRITICAL
hipponous,9,1,1,0,0,0,1,0,0,0,0,0,1,1,-19,CRITICAL
anatomise,9,1,1,0,0,0,1,0,0,0,0,0,0,0,6,CRITICAL
punctualness,12,1,1,0,0,0,1,0,0,0,0,0,1,1,-13,CRITICAL
timon,5,1,1,0,0,0,1,0,0,0,0,0,0,0,-2,CRITICAL
nonrayed,8,1,1,0,0,0,1,0,0,0,0,0,0,0,4,CRITICAL
encages,7,1,1,0,0,0,1,0,0,0,0,0,0,0,2,CRITICAL
burgundies,10,1,1,0,0,0,1,0,0,0,0,0,0,0,8,CRITICAL
dismantling,11,1,1,0,0,0,1,0,0,0,0,0,0,0,10,CRITICAL
tulyapis,8,1,1,0,0,0,1,0,0,0,0,0,0,0,4,CRITICAL
latian,6,1,1,0,0,0,1,0,0,0,0,0,0,0,0,CRITICAL
punctiliomonger,15,1,1,0,0,0,1,0,0,0,0,0,0,0,18,CRITICAL
sanguinometer,13,1,1,0,0,0,1,0,0,0,0,0,0,0,14,CRITICAL
fibbed,6,1,1,0,0,0,1,0,0,0,0,0,1,1,-25,CRITICAL
de-kompiyansa,13,2,1,0,0,1,1,0,0,0,0,0,0,0,22,CRITICAL
sarsaparilya,12,1,1,0,0,0,1,0,0,0,0,0,0,0,12,CRITICAL
speakhouse,10,1,1,0,0,0,1,0,0,0,0,0,0,0,8,CRITICAL
tesselated,10,1,1,0,0,0,1,0,0,0,0,0,1,1,-17,CRITICAL
fistulas,8,1,1,0,0,0,1,0,0,0,0,0,0,0,4,CRITICAL
irepike,7,1,1,0,0,0,1,0,0,0,0,0,0,0,2,CRITICAL
heresiography,13,1,1,0,0,0,1,0,0,0,0,0,0,0,14,CRITICAL
protorosaurus,13,1,1,0,0,0,1,0,0,0,0,0,0,0,14,CRITICAL
intertissue,11,1,1,0,0,0,1,0,0,0,0,0,1,1,-15,CRITICAL
refractiveness,14,1,1,0,0,0,1,0,0,0,0,0,1,1,-9,CRITICAL
appetitiveness,14,1,1,0,0,0,1,0,0,0,0,0,1,1,-9,CRITICAL
homoeochromatic,15,1,1,0,0,0,1,0,0,0,0,0,0,0,18,CRITICAL
synochus,8,1,1,0,0,0,1,0,0,0,0,0,0,0,4,CRITICAL
hypermodestly,13,1,1,0,0,0,1,0,0,0,0,0,0,0,14,CRITICAL
pharaoh,7,1,1,0,0,0,1,0,0,0,0,0,0,0,2,CRITICAL
evertor,7,1,1,0,0,0,1,0,0,0,0,0,0,0,2,CRITICAL
kegling,7,1,1,0,0,0,1,0,0,0,0,0,0,0,2,CRITICAL
itupi,5,1,1,0,0,0,1,0,0,0,0,0,0,0,-2,CRITICAL
blazoned,8,1,1,0,0,0,1,0,0,0,0,0,0,0,4,CRITICAL
chiromegaly,11,1,1,0,0,0,1,0,0,0,0,0,0,0,10,CRITICAL
escortment,10,1,1,0,0,0,1,0,0,0,0,0,0,0,8,CRITICAL
recombinational,15,1,1,0,0,0,1,0,0,0,0,0,0,0,18,CRITICAL
voc,3,1,1,0,0,0,1,0,0,0,0,0,0,0,-6,CRITICAL
combinant,9,1,1,0,0,0,1,0,0,0,0,0,0,0,6,CRITICAL
rattlings,9,1,1,0,0,0,1,0,0,0,0,0,1,1,-19,CRITICAL
modulability,12,1,1,0,0,0,1,0,0,0,0,0,0,0,12,CRITICAL
proke,5,1,1,0,0,0,1,0,0,0,0,0,0,0,-2,CRITICAL
pretermission,13,1,1,0,0,0,1,0,0,0,0,0,1,1,-11,CRITICAL
vengeancely,11,1,1,0,0,0,1,0,0,0,0,0,0,0,10,CRITICAL
gradationately,14,1,1,0,0,0,1,0,0,0,0,0,0,0,16,CRITICAL
whigling,8,1,1,0,0,0,1,0,0,0,0,0,0,0,4,CRITICAL
aspirant,8,1,1,0,0,0,1,0,0,0,0,0,0,0,4,CRITICAL
matakbo,7,1,1,0,0,0,1,0,0,0,0,0,0,0,2,CRITICAL
yarb,4,1,1,0,0,0,1,0,0,0,0,0,0,0,-4,CRITICAL
manada,6,1,1,0,0,0,1,0,0,0,0,0,0,0,0,CRITICAL
chamos,6,1,1,0,0,0,1,0,0,0,0,0,0,0,0,CRITICAL
incan,5,1,1,0,0,0,1,0,0,0,0,0,0,0,-2,CRITICAL
hydrothermal,12,1,1,0,0,0,1,0,0,0,0,0,0,0,12,CRITICAL
pacificating,12,1,1,0,0,0,1,0,0,0,0,0,0,0,12,CRITICAL
mythoclast,10,1,1,0,0,0,1,0,0,0,0,0,0,0,8,CRITICAL
maggargol,9,1,1,0,0,0,1,0,0,0,0,0,1,1,-19,CRITICAL
cineaste,8,1,1,0,0,0,1,0,0,0,0,0,0,0,4,CRITICAL
bumalino,8,1,1,0,0,0,1,0,0,0,0,0,0,0,4,CRITICAL
unmeddlingness,14,1,1,0,0,0,1,0,0,0,0,0,1,1,-9,CRITICAL
delicatessens,13,1,1,0,0,0,1,0,0,0,0,0,1,1,-11,CRITICAL
remanet,7,1,1,0,0,0,1,0,0,0,0,0,0,0,2,CRITICAL
disentwining,12,1,1,0,0,0,1,0,0,0,0,0,0,0,12,CRITICAL
subproctorship,14,1,1,0,0,0,1,0,0,0,0,0,0,0,16,CRITICAL
hoggs,5,1,1,0,0,0,1,0,0,0,0,0,1,1,-27,CRITICAL
infeminine,10,1,1,0,0,0,1,0,0,0,0,0,0,0,8,CRITICAL
unshakeable,11,1,1,0,0,0,1,0,0,0,0,0,0,0,10,CRITICAL
bahamian,8,1,1,0,0,0,1,0,0,0,0,0,0,0,4,CRITICAL
porions,7,1,1,0,0,0,1,0,0,0,0,0,0,0,2,CRITICAL
pagbubuo heolohiko,18,2,1,0,0,1,1,0,0,0,0,0,0,0,32,CRITICAL
threatless,10,1,1,0,0,0,1,0,0,0,0,0,1,1,-17,CRITICAL
cephalemia,10,1,1,0,0,0,1,0,0,0,0,0,0,0,8,CRITICAL
outkissed,9,1,1,0,0,0,1,0,0,0,0,0,1,1,-19,CRITICAL
pundakan,8,1,1,0,0,0,1,0,0,0,0,0,0,0,4,CRITICAL
overprolifically,16,1,1,0,0,0,1,0,0,0,0,0,1,1,-5,CRITICAL
peryodista,10,1,1,0,0,0,1,0,0,0,0,0,0,0,8,CRITICAL
discriminators,14,1,1,0,0,0,1,0,0,0,0,0,0,0,16,CRITICAL
regenerate,10,1,1,0,0,0,1,0,0,0,0,0,0,0,8,CRITICAL
grudging,8,1,1,0,0,0,1,0,0,0,0,0,0,0,4,CRITICAL
alkalinuria,11,1,1,0,0,0,1,0,0,0,0,0,0,0,10,CRITICAL
excitons,8,1,1,0,0,0,1,0,0,0,0,0,0,0,4,CRITICAL
revitalizer,11,1,1,0,0,0,1,0,0,0,0,0,0,0,10,CRITICAL
metosteal,9,1,1,0,0,0,1,0,0,0,0,0,0,0,6,CRITICAL
electroanalytic,15,1,1,0,0,0,1,0,0,0,0,0,0,0,18,CRITICAL
nurserymen,10,1,1,0,0,0,1,0,0,0,0,0,0,0,8,CRITICAL
hyperuresis,11,1,1,0,0,0,1,0,0,0,0,0,0,0,10,CRITICAL
pikeperch,9,1,1,0,0,0,1,0,0,0,0,0,0,0,6,CRITICAL
ternately,9,1,1,0,0,0,1,0,0,0,0,0,0,0,6,CRITICAL
frescoists,10,1,1,0,0,0,1,0,0,0,0,0,0,0,8,CRITICAL
planetaria,10,1,1,0,0,0,1,0,0,0,0,0,0,0,8,CRITICAL
revocations,11,1,1,0,0,0,1,0,0,0,0,0,0,0,10,CRITICAL
tribromphenol,13,1,1,0,0,0,1,0,0,0,0,0,0,0,14,CRITICAL
passwoman,9,1,1,0,0,0,1,0,0,0,0,0,1,1,-19,CRITICAL
midscale,8,1,1,0,0,0,1,0,0,0,0,0,0,0,4,CRITICAL
spoliate,8,1,1,0,0,0,1,0,0,0,0,0,0,0,4,CRITICAL
endopleura,10,1,1,0,0,0,1,0,0,0,0,0,0,0,8,CRITICAL
endothecal,10,1,1,0,0,0,1,0,0,0,0,0,0,0,8,CRITICAL
monotelephone,13,1,1,0,0,0,1,0,0,0,0,0,0,0,14,CRITICAL
becowarding,11,1,1,0,0,0,1,0,0,0,0,0,0,0,10,CRITICAL
surfacemen,10,1,1,0,0,0,1,0,0,0,0,0,0,0,8,CRITICAL
bromination,11,1,1,0,0,0,1,0,0,0,0,0,0,0,10,CRITICAL
cumberless,10,1,1,0,0,0,1,0,0,0,0,0,1,1,-17,CRITICAL
oscillatoriaceae,16,1,1,0,0,0,1,0,0,0,0,0,1,1,-5,CRITICAL
submontagne,11,1,1,0,0,0,1,0,0,0,0,0,0,0,10,CRITICAL
nautical,8,1,1,0,0,0,1,0,0,0,0,0,0,0,4,CRITICAL
exoskeletal,11,1,1,0,0,0,1,0,0,0,0,0,0,0,10,CRITICAL
preconduct,10,1,1,0,0,0,1,0,0,0,0,0,0,0,8,CRITICAL
magnipotent,11,1,1,0,0,0,1,0,0,0,0,0,0,0,10,CRITICAL
scantlinged,11,1,1,0,0,0,1,0,0,0,0,0,0,0,10,CRITICAL
underthought,12,1,1,0,0,0,1,0,0,0,0,0,0,0,12,CRITICAL
prayermaking,12,1,1,0,0,0,1,0,0,0,0,0,0,0,12,CRITICAL
artiodactyl,11,1,1,0,0,0,1,0,0,0,0,0,0,0,10,CRITICAL
deallocates,11,1,1,0,0,0,1,0,0,0,0,0,1,1,-15,CRITICAL
pasitelean,10,1,1,0,0,0,1,0,0,0,0,0,0,0,8,CRITICAL
epanisognathism,15,1,1,0,0,0,1,0,0,0,0,0,0,0,18,CRITICAL
microdimensions,15,1,1,0,0,0,1,0,0,0,0,0,0,0,18,CRITICAL
untunneled,10,1,1,0,0,0,1,0,0,0,0,0,1,1,-17,CRITICAL
myrmecophagine,14,1,1,0,0,0,1,0,0,0,0,0,0,0,16,CRITICAL
odysseys,8,1,1,0,0,0,1,0,0,0,0,0,1,1,-21,CRITICAL
paginating,10,1,1,0,0,0,1,0,0,0,0,0,0,0,8,CRITICAL
topically,9,1,1,0,0,0,1,0,0,0,0,0,1,1,-19,CRITICAL
chromeplated,12,1,1,0,0,0,1,0,0,0,0,0,0,0,12,CRITICAL
trellises,9,1,1,0,0,0,1,0,0,0,0,0,1,1,-19,CRITICAL
dislocator,10,1,1,0,0,0,1,0,0,0,0,0,0,0,8,CRITICAL
thiaminase,10,1,1,0,0,0,1,0,0,0,0,0,0,0,8,CRITICAL
attenuator,10,1,1,0,0,0,1,0,0,0,0,0,1,1,-17,CRITICAL
tamanoas,8,1,1,0,0,0,1,0,0,0,0,0,0,0,4,CRITICAL
crumblet,8,1,1,0,0,0,1,0,0,0,0,0,0,0,4,CRITICAL
ovalities,9,1,1,0,0,0,1,0,0,0,0,0,0,0,6,CRITICAL
nonrhythmically,15,1,1,0,0,0,1,0,0,0,0,0,1,1,-7,CRITICAL
xenogeneic,10,1,1,0,0,0,1,0,0,0,0,0,0,0,8,CRITICAL
uncollar,8,1,1,0,0,0,1,0,0,0,0,0,1,1,-21,CRITICAL
hydrocoral,10,1,1,0,0,0,1,0,0,0,0,0,0,0,8,CRITICAL
decedent,8,1,1,0,0,0,1,0,0,0,0,0,0,0,4,CRITICAL
macrotome,9,1,1,0,0,0,1,0,0,0,0,0,0,0,6,CRITICAL
enswathing,10,1,1,0,0,0,1,0,0,0,0,0,0,0,8,CRITICAL
suddenness,10,1,1,0,0,0,1,0,0,0,0,0,1,1,-17,CRITICAL
ardennite,9,1,1,0,0,0,1,0,0,0,0,0,1,1,-19,CRITICAL
impossible,10,1,1,0,0,0,1,0,0,0,0,0,1,1,-17,CRITICAL
acuminose,9,1,1,0,0,0,1,0,0,0,0,0,0,0,6,CRITICAL
splurged,8,1,1,0,0,0,1,0,0,0,0,0,0,0,4,CRITICAL
scepters,8,1,1,0,0,0,1,0,0,0,0,0,0,0,4,CRITICAL
unwrathfully,12,1,1,0,0,0,1,0,0,0,0,0,1,1,-13,CRITICAL
nonmigrant,10,1,1,0,0,0,1,0,0,0,0,0,0,0,8,CRITICAL
snowshoes,9,1,1,0,0,0,1,0,0,0,0,0,0,0,6,CRITICAL
flavoring,9,1,1,0,0,0,1,0,0,0,0,0,0,0,6,CRITICAL
unfundamentally,15,1,1,0,0,0,1,0,0,0,0,0,1,1,-7,CRITICAL
manloloob,9,1,1,0,0,0,1,0,0,0,0,0,1,1,-19,CRITICAL
cantoria,8,1,1,0,0,0,1,0,0,0,0,0,0,0,4,CRITICAL
gemuetlich,10,1,1,0,0,0,1,0,0,0,0,0,0,0,8,CRITICAL
walang-kahulilip,16,2,1,0,0,1,1,0,0,0,0,0,0,0,28,CRITICAL
tussucks,8,1,1,0,0,0,1,0,0,0,0,0,1,1,-21,CRITICAL
unescapably,11,1,1,0,0,0,1,0,0,0,0,0,0,0,10,CRITICAL
nonaffirmance,13,1,1,0,0,0,1,0,0,0,0,0,1,1,-11,CRITICAL
isohemolysis,12,1,1,0,0,0,1,0,0,0,0,0,0,0,12,CRITICAL
insensitivities,15,1,1,0,0,0,1,0,0,0,0,0,0,0,18,CRITICAL
maglakbay,9,1,1,0,0,0,1,0,0,0,0,0,0,0,6,CRITICAL
uncastigated,12,1,1,0,0,0,1,0,0,0,0,0,0,0,12,CRITICAL
giftedness,10,1,1,0,0,0,1,0,0,0,0,0,1,1,-17,CRITICAL
walang-pagkapagod,17,2,1,0,0,1,1,0,0,0,0,0,0,0,30,CRITICAL
sabi-sabihan,12,2,1,0,0,1,1,0,0,0,0,0,0,0,20,CRITICAL
unshelled,9,1,1,0,0,0,1,0,0,0,0,0,1,1,-19,CRITICAL
nonmysticalness,15,1,1,0,0,0,1,0,0,0,0,0,1,1,-7,CRITICAL
spleenish,9,1,1,0,0,0,1,0,0,0,0,0,1,1,-19,CRITICAL
ipaangkat,9,1,1,0,0,0,1,0,0,0,0,0,1,1,-19,CRITICAL
boninesses,10,1,1,0,0,0,1,0,0,0,0,0,1,1,-17,CRITICAL
preachieved,11,1,1,0,0,0,1,0,0,0,0,0,0,0,10,CRITICAL
caleches,8,1,1,0,0,0,1,0,0,0,0,0,0,0,4,CRITICAL
frontiers,9,1,1,0,0,0,1,0,0,0,0,0,0,0,6,CRITICAL
ret@stes,7,1,1,0,0,0,1,0,0,0,0,0,0,0,2,CRITICAL
totoy_brown,11,2,1,0,0,1,1,0,0,0,0,0,0,0,18,CRITICAL
Beauty_@nd_th3_Be@$t,17,4,1,1,1,1,1,1,0,0,1,0,0,1,26,HIGH
Pogi_ako,8,3,1,1,0,1,1,0,0,0,0,0,0,0,20,CRITICAL
@y@h,2,1,1,0,0,0,1,0,0,0,0,0,0,0,-8,CRITICAL
totoy_brown,11,2,1,0,0,1,1,0,0,0,0,0,0,0,18,CRITICAL
Beauty_@nd_th3_Be@$t,17,4,1,1,1,1,1,1,0,0,1,0,0,1,26,HIGH
parakeet012,11,2,1,0,1,0,1,1,0,1,0,1,1,1,-22,CRITICAL
resupport012,12,2,1,0,1,0,1,1,0,1,0,1,1,1,-20,CRITICAL
totoy_brown,11,2,1,0,0,1,1,0,0,0,0,0,0,0,18,CRITICAL
Beauty_@nd_th3_Be@$t,17,4,1,1,1,1,1,1,0,0,1,0,0,1,26,HIGH
s00ths@ys,8,2,1,0,1,0,1,1,0,0,1,0,1,1,-18,CRITICAL
refighting,10,1,1,0,0,0,1,0,0,0,0,0,0,0,8,CRITICAL
totoy_brown,11,2,1,0,0,1,1,0,0,0,0,0,0,0,18,CRITICAL
sixing012,9,2,1,0,1,0,1,1,0,1,0,1,0,1,-16,CRITICAL
Pogi_ako,8,3,1,1,0,1,1,0,0,0,0,0,0,0,20,CRITICAL
revel@ti0n,9,2,1,0,1,0,1,1,0,0,1,0,0,1,-6,CRITICAL
Beauty_@nd_th3_Be@$t,17,4,1,1,1,1,1,1,0,0,1,0,0,1,26,HIGH
totoy_brown,11,2,1,0,0,1,1,0,0,0,0,0,0,0,18,CRITICAL
Beauty_@nd_th3_Be@$t,17,4,1,1,1,1,1,1,0,0,1,0,0,1,26,HIGH
drad_,4,1,1,0,0,0,1,0,0,0,0,0,0,0,-4,CRITICAL
paradoxidian_,12,1,1,0,0,0,1,0,0,0,0,0,0,0,12,CRITICAL
Pogi_ako,8,3,1,1,0,1,1,0,0,0,0,0,0,0,20,CRITICAL
acetopyrin012,13,2,1,0,1,0,1,1,0,1,0,1,0,1,-8,CRITICAL
Pogi_ako,8,3,1,1,0,1,1,0,0,0,0,0,0,0,20,CRITICAL
Pogi_ako,8,3,1,1,0,1,1,0,0,0,0,0,0,0,20,CRITICAL
capitaldom012,13,2,1,0,1,0,1,1,0,1,0,1,0,1,-8,CRITICAL
undeclare012,12,2,1,0,1,0,1,1,0,1,0,1,0,1,-10,CRITICAL
0utbuy,6,2,1,0,1,0,1,1,1,0,0,0,0,1,-12,CRITICAL
Beauty_@nd_th3_Be@$t,17,4,1,1,1,1,1,1,0,0,1,0,0,1,26,HIGH
totoy_brown,11,2,1,0,0,1,1,0,0,0,0,0,0,0,18,CRITICAL
legalization_,12,1,1,0,0,0,1,0,0,0,0,0,0,0,12,CRITICAL
Beauty_@nd_th3_Be@$t,17,4,1,1,1,1,1,1,0,0,1,0,0,1,26,HIGH
disturbant012,13,2,1,0,1,0,1,1,0,1,0,1,0,1,-8,CRITICAL
ornithodelph012,15,2,1,0,1,0,1,1,0,1,0,1,0,1,-4,CRITICAL
Pogi_ako,8,3,1,1,0,1,1,0,0,0,0,0,0,0,20,CRITICAL
totoy_brown,11,2,1,0,0,1,1,0,0,0,0,0,0,0,18,CRITICAL
honourers012,12,2,1,0,1,0,1,1,0,1,0,1,0,1,-10,CRITICAL
@scrib@ble,8,1,1,0,0,0,1,0,0,0,0,0,1,1,-21,CRITICAL
metepencephalic012,18,2,1,0,1,0,1,1,0,1,0,1,0,1,2,CRITICAL
mailplane_,9,1,1,0,0,0,1,0,0,0,0,0,0,0,6,CRITICAL
backstroking012,15,2,1,0,1,0,1,1,0,1,0,1,0,1,-4,CRITICAL
totoy_brown,11,2,1,0,0,1,1,0,0,0,0,0,0,0,18,CRITICAL
sulphin@te,9,1,1,0,0,0,1,0,0,0,0,0,0,0,6,CRITICAL
Pogi_ako,8,3,1,1,0,1,1,0,0,0,0,0,0,0,20,CRITICAL
totoy_brown,11,2,1,0,0,1,1,0,0,0,0,0,0,0,18,CRITICAL
inseverable_,11,1,1,0,0,0,1,0,0,0,0,0,0,0,10,CRITICAL
Beauty_@nd_th3_Be@$t,17,4,1,1,1,1,1,1,0,0,1,0,0,1,26,HIGH
Beauty_@nd_th3_Be@$t,17,4,1,1,1,1,1,1,0,0,1,0,0,1,26,HIGH
museist,7,1,1,0,0,0,1,0,0,0,0,0,0,0,2,CRITICAL
p@ngher0,7,2,1,0,1,0,1,1,0,1,0,0,0,1,-10,CRITICAL
respecify,9,1,1,0,0,0,1,0,0,0,0,0,0,0,6,CRITICAL
totoy_brown,11,2,1,0,0,1,1,0,0,0,0,0,0,0,18,CRITICAL
totoy_brown,11,2,1,0,0,1,1,0,0,0,0,0,0,0,18,CRITICAL
ibulusok_,8,1,1,0,0,0,1,0,0,0,0,0,0,0,4,CRITICAL
Pogi_ako,8,3,1,1,0,1,1,0,0,0,0,0,0,0,20,CRITICAL
pulsatively012,14,2,1,0,1,0,1,1,0,1,0,1,0,1,-6,CRITICAL
totoy_brown,11,2,1,0,0,1,1,0,0,0,0,0,0,0,18,CRITICAL
decuri0ns,9,2,1,0,1,0,1,1,0,0,1,0,0,1,-6,CRITICAL
shangalla_,9,1,1,0,0,0,1,0,0,0,0,0,1,1,-19,CRITICAL
Beauty_@nd_th3_Be@$t,17,4,1,1,1,1,1,1,0,0,1,0,0,1,26,HIGH
paradichlorobenzene012,22,2,1,0,1,0,1,1,0,1,0,1,0,1,10,CRITICAL
Pogi_ako,8,3,1,1,0,1,1,0,0,0,0,0,0,0,20,CRITICAL
buhayin_,7,1,1,0,0,0,1,0,0,0,0,0,0,0,2,CRITICAL
Pogi_ako,8,3,1,1,0,1,1,0,0,0,0,0,0,0,20,CRITICAL
totoy_brown,11,2,1,0,0,1,1,0,0,0,0,0,0,0,18,CRITICAL
k@b@k@hin,6,1,1,0,0,0,1,0,0,0,0,0,0,0,0,CRITICAL
chitlin,7,1,1,0,0,0,1,0,0,0,0,0,0,0,2,CRITICAL
totoy_brown,11,2,1,0,0,1,1,0,0,0,0,0,0,0,18,CRITICAL
Beauty_@nd_th3_Be@$t,17,4,1,1,1,1,1,1,0,0,1,0,0,1,26,HIGH
Pogi_ako,8,3,1,1,0,1,1,0,0,0,0,0,0,0,20,CRITICAL
p@gh@h@l@m@n,7,1,1,0,0,0,1,0,0,0,0,0,1,1,-23,CRITICAL
Pogi_ako,8,3,1,1,0,1,1,0,0,0,0,0,0,0,20,CRITICAL
utricul@ri@ce@e,12,1,1,0,0,0,1,0,0,0,0,0,1,1,-13,CRITICAL
n0nr@te@bleness,13,2,1,0,1,0,1,1,0,0,1,0,1,1,-8,CRITICAL
greased_,7,1,1,0,0,0,1,0,0,0,0,0,0,0,2,CRITICAL
Pogi_ako,8,3,1,1,0,1,1,0,0,0,0,0,0,0,20,CRITICAL
attester012,11,2,1,0,1,0,1,1,0,1,0,1,1,1,-22,CRITICAL
kakatuwang-kilos012,19,3,1,0,1,1,1,1,0,1,0,1,0,1,12,HIGH
mainlanders_,11,1,1,0,0,0,1,0,0,0,0,0,0,0,10,CRITICAL
discomfiter_,11,1,1,0,0,0,1,0,0,0,0,0,0,0,10,CRITICAL
pantheons_,9,1,1,0,0,0,1,0,0,0,0,0,0,0,6,CRITICAL
totoy_brown,11,2,1,0,0,1,1,0,0,0,0,0,0,0,18,CRITICAL
precisianism012,15,2,1,0,1,0,1,1,0,1,0,1,0,1,-4,CRITICAL
paranomia012,12,2,1,0,1,0,1,1,0,1,0,1,0,1,-10,CRITICAL
Beauty_@nd_th3_Be@$t,17,4,1,1,1,1,1,1,0,0,1,0,0,1,26,HIGH
Beauty_@nd_th3_Be@$t,17,4,1,1,1,1,1,1,0,0,1,0,0,1,26,HIGH
unmordant_,9,1,1,0,0,0,1,0,0,0,0,0,0,0,6,CRITICAL
kreistle_,8,1,1,0,0,0,1,0,0,0,0,0,0,0,4,CRITICAL
totoy_brown,11,2,1,0,0,1,1,0,0,0,0,0,0,0,18,CRITICAL
tablewise012,12,2,1,0,1,0,1,1,0,1,0,1,0,1,-10,CRITICAL
Pogi_ako,8,3,1,1,0,1,1,0,0,0,0,0,0,0,20,CRITICAL
Beauty_@nd_th3_Be@$t,17,4,1,1,1,1,1,1,0,0,1,0,0,1,26,HIGH
Beauty_@nd_th3_Be@$t,17,4,1,1,1,1,1,1,0,0,1,0,0,1,26,HIGH
Pogi_ako,8,3,1,1,0,1,1,0,0,0,0,0,0,0,20,CRITICAL
Pogi_ako,8,3,1,1,0,1,1,0,0,0,0,0,0,0,20,CRITICAL
proboscidial012,15,2,1,0,1,0,1,1,0,1,0,1,0,1,-4,CRITICAL
st@di0meter,10,2,1,0,1,0,1,1,0,0,1,0,0,1,-4,CRITICAL
Beauty_@nd_th3_Be@$t,17,4,1,1,1,1,1,1,0,0,1,0,0,1,26,HIGH
Beauty_@nd_th3_Be@$t,17,4,1,1,1,1,1,1,0,0,1,0,0,1,26,HIGH
Pogi_ako,8,3,1,1,0,1,1,0,0,0,0,0,0,0,20,CRITICAL
Pogi_ako,8,3,1,1,0,1,1,0,0,0,0,0,0,0,20,CRITICAL
Beauty_@nd_th3_Be@$t,17,4,1,1,1,1,1,1,0,0,1,0,0,1,26,HIGH
leeg,4,1,1,0,0,0,1,0,0,0,0,0,1,1,-29,CRITICAL
totoy_brown,11,2,1,0,0,1,1,0,0,0,0,0,0,0,18,CRITICAL
jonval012,9,2,1,0,1,0,1,1,0,1,0,1,0,1,-16,CRITICAL
labi_,4,1,1,0,0,0,1,0,0,0,0,0,0,0,-4,CRITICAL
upheaven_,8,1,1,0,0,0,1,0,0,0,0,0,0,0,4,CRITICAL
evangelistaries_,15,1,1,0,0,0,1,0,0,0,0,0,0,0,18,CRITICAL
Beauty_@nd_th3_Be@$t,17,4,1,1,1,1,1,1,0,0,1,0,0,1,26,HIGH
cincturing012,13,2,1,0,1,0,1,1,0,1,0,1,0,1,-8,CRITICAL
sunhat012,9,2,1,0,1,0,1,1,0,1,0,1,0,1,-16,CRITICAL
Beauty_@nd_th3_Be@$t,17,4,1,1,1,1,1,1,0,0,1,0,0,1,26,HIGH
Beauty_@nd_th3_Be@$t,17,4,1,1,1,1,1,1,0,0,1,0,0,1,26,HIGH
p@gp@p@k@m@t@y,8,1,1,0,0,0,1,0,0,0,0,0,1,1,-21,CRITICAL
Pogi_ako,8,3,1,1,0,1,1,0,0,0,0,0,0,0,20,CRITICAL
totoy_brown,11,2,1,0,0,1,1,0,0,0,0,0,0,0,18,CRITICAL
satanically012,14,2,1,0,1,0,1,1,0,1,0,1,1,1,-16,CRITICAL
totoy_brown,11,2,1,0,0,1,1,0,0,0,0,0,0,0,18,CRITICAL
re@djudic@ted,11,1,1,0,0,0,1,0,0,0,0,0,0,0,10,CRITICAL
di-m@k@p@gs@lit@,11,2,1,0,0,1,1,0,0,0,0,0,0,0,18,CRITICAL
piedmontite_,11,1,1,0,0,0,1,0,0,0,0,0,0,0,10,CRITICAL
sw00ny,6,2,1,0,1,0,1,1,0,0,1,0,1,1,-22,CRITICAL
intercupola_,11,1,1,0,0,0,1,0,0,0,0,0,0,0,10,CRITICAL
grubstaked_,10,1,1,0,0,0,1,0,0,0,0,0,0,0,8,CRITICAL
gynandrarchy_,12,1,1,0,0,0,1,0,0,0,0,0,0,0,12,CRITICAL
Beauty_@nd_th3_Be@$t,17,4,1,1,1,1,1,1,0,0,1,0,0,1,26,HIGH
eucryphi@,8,1,1,0,0,0,1,0,0,0,0,0,0,0,4,CRITICAL
throatal012,11,2,1,0,1,0,1,1,0,1,0,1,0,1,-12,CRITICAL
Pogi_ako,8,3,1,1,0,1,1,0,0,0,0,0,0,0,20,CRITICAL
Beauty_@nd_th3_Be@$t,17,4,1,1,1,1,1,1,0,0,1,0,0,1,26,HIGH
m@nileny0,8,2,1,0,1,0,1,1,0,1,0,0,0,1,-8,CRITICAL
totoy_brown,11,2,1,0,0,1,1,0,0,0,0,0,0,0,18,CRITICAL
benne,5,1,1,0,0,0,1,0,0,0,0,0,1,1,-27,CRITICAL
g@lv@n0pl@stics,12,2,1,0,1,0,1,1,0,0,1,0,0,1,0,CRITICAL
totoy_brown,11,2,1,0,0,1,1,0,0,0,0,0,0,0,18,CRITICAL
ritards012,10,2,1,0,1,0,1,1,0,1,0,1,0,1,-14,CRITICAL
zooecial_,8,1,1,0,0,0,1,0,0,0,0,0,1,1,-21,CRITICAL
raucousness_,11,1,1,0,0,0,1,0,0,0,0,0,1,1,-15,CRITICAL
totoy_brown,11,2,1,0,0,1,1,0,0,0,0,0,0,0,18,CRITICAL
ign0r@nt,7,2,1,0,1,0,1,1,0,0,1,0,0,1,-10,CRITICAL
Pogi_ako,8,3,1,1,0,1,1,0,0,0,0,0,0,0,20,CRITICAL
bem0@ns,6,2,1,0,1,0,1,1,0,0,1,0,0,1,-12,CRITICAL
herald_,6,1,1,0,0,0,1,0,0,0,0,0,0,0,0,CRITICAL
underselling012,15,2,1,0,1,0,1,1,0,1,0,1,1,1,-14,CRITICAL
char_,4,1,1,0,0,0,1,0,0,0,0,0,0,0,-4,CRITICAL
Pogi_ako,8,3,1,1,0,1,1,0,0,0,0,0,0,0,20,CRITICAL
Beauty_@nd_th3_Be@$t,17,4,1,1,1,1,1,1,0,0,1,0,0,1,26,HIGH
totoy_brown,11,2,1,0,0,1,1,0,0,0,0,0,0,0,18,CRITICAL
Beauty_@nd_th3_Be@$t,17,4,1,1,1,1,1,1,0,0,1,0,0,1,26,HIGH
totoy_brown,11,2,1,0,0,1,1,0,0,0,0,0,0,0,18,CRITICAL
Beauty_@nd_th3_Be@$t,17,4,1,1,1,1,1,1,0,0,1,0,0,1,26,HIGH
unvoluble_,9,1,1,0,0,0,1,0,0,0,0,0,0,0,6,CRITICAL
p0tst0ne,8,2,1,0,1,0,1,1,0,0,1,0,0,1,-8,CRITICAL
nonblooded_,10,1,1,0,0,0,1,0,0,0,0,0,1,1,-17,CRITICAL
m@gb@b@g,5,1,1,0,0,0,1,0,0,0,0,0,1,1,-27,CRITICAL
Beauty_@nd_th3_Be@$t,17,4,1,1,1,1,1,1,0,0,1,0,0,1,26,HIGH
pagdiskursuhan012,17,2,1,0,1,0,1,1,0,1,0,1,0,1,0,CRITICAL
myel0syring0sis,15,2,1,0,1,0,1,1,0,0,1,0,0,1,6,CRITICAL
nonmomentary012,15,2,1,0,1,0,1,1,0,1,0,1,0,1,-4,CRITICAL
Beauty_@nd_th3_Be@$t,17,4,1,1,1,1,1,1,0,0,1,0,0,1,26,HIGH
pithecan_,8,1,1,0,0,0,1,0,0,0,0,0,0,0,4,CRITICAL
ekonomika012,12,2,1,0,1,0,1,1,0,1,0,1,0,1,-10,CRITICAL
paleornithological_,18,1,1,0,0,0,1,0,0,0,0,0,0,0,24,CRITICAL
allopelagic_,11,1,1,0,0,0,1,0,0,0,0,0,1,1,-15,CRITICAL
totoy_brown,11,2,1,0,0,1,1,0,0,0,0,0,0,0,18,CRITICAL
Beauty_@nd_th3_Be@$t,17,4,1,1,1,1,1,1,0,0,1,0,0,1,26,HIGH
Pogi_ako,8,3,1,1,0,1,1,0,0,0,0,0,0,0,20,CRITICAL
@rcheg0ni0ph0re,14,2,1,0,1,0,1,1,0,0,1,0,0,1,4,CRITICAL
totoy_brown,11,2,1,0,0,1,1,0,0,0,0,0,0,0,18,CRITICAL
sabina012,9,2,1,0,1,0,1,1,0,1,0,1,0,1,-16,CRITICAL
b@silic@,6,1,1,0,0,0,1,0,0,0,0,0,0,0,0,CRITICAL
messmates012,12,2,1,0,1,0,1,1,0,1,0,1,1,1,-20,CRITICAL
incomers012,11,2,1,0,1,0,1,1,0,1,0,1,0,1,-12,CRITICAL
persalts012,11,2,1,0,1,0,1,1,0,1,0,1,0,1,-12,CRITICAL
jotty_,5,1,1,0,0,0,1,0,0,0,0,0,1,1,-27,CRITICAL
Beauty_@nd_th3_Be@$t,17,4,1,1,1,1,1,1,0,0,1,0,0,1,26,HIGH
Beauty_@nd_th3_Be@$t,17,4,1,1,1,1,1,1,0,0,1,0,0,1,26,HIGH
Pogi_ako,8,3,1,1,0,1,1,0,0,0,0,0,0,0,20,CRITICAL
Beauty_@nd_th3_Be@$t,17,4,1,1,1,1,1,1,0,0,1,0,0,1,26,HIGH
heterolateral_,13,1,1,0,0,0,1,0,0,0,0,0,0,0,14,CRITICAL
totoy_brown,11,2,1,0,0,1,1,0,0,0,0,0,0,0,18,CRITICAL
Beauty_@nd_th3_Be@$t,17,4,1,1,1,1,1,1,0,0,1,0,0,1,26,HIGH
totoy_brown,11,2,1,0,0,1,1,0,0,0,0,0,0,0,18,CRITICAL
pedipulate_,10,1,1,0,0,0,1,0,0,0,0,0,0,0,8,CRITICAL
Beauty_@nd_th3_Be@$t,17,4,1,1,1,1,1,1,0,0,1,0,0,1,26,HIGH
Pogi_ako,8,3,1,1,0,1,1,0,0,0,0,0,0,0,20,CRITICAL
demonise012,11,2,1,0,1,0,1,1,0,1,0,1,0,1,-12,CRITICAL
Pogi_ako,8,3,1,1,0,1,1,0,0,0,0,0,0,0,20,CRITICAL
Pogi_ako,8,3,1,1,0,1,1,0,0,0,0,0,0,0,20,CRITICAL
xysters012,10,2,1,0,1,0,1,1,0,1,0,1,0,1,-14,CRITICAL
Beauty_@nd_th3_Be@$t,17,4,1,1,1,1,1,1,0,0,1,0,0,1,26,HIGH
prepave012,10,2,1,0,1,0,1,1,0,1,0,1,0,1,-14,CRITICAL
@ldine,5,1,1,0,0,0,1,0,0,0,0,0,0,0,-2,CRITICAL
0ur@n0ph0bi@,10,2,1,0,1,0,1,1,1,0,1,0,0,1,-4,CRITICAL
totoy_brown,11,2,1,0,0,1,1,0,0,0,0,0,0,0,18,CRITICAL
Beauty_@nd_th3_Be@$t,17,4,1,1,1,1,1,1,0,0,1,0,0,1,26,HIGH
baptistery_,10,1,1,0,0,0,1,0,0,0,0,0,0,0,8,CRITICAL
antipathogene012,16,2,1,0,1,0,1,1,0,1,0,1,0,1,-2,CRITICAL
totoy_brown,11,2,1,0,0,1,1,0,0,0,0,0,0,0,18,CRITICAL
zJ1uHh4q$V5Tn,12,3,1,1,1,0,0,0,0,0,1,0,1,1,23,HIGH
h$KGrUbqa2H,10,3,1,1,1,0,0,0,0,0,1,0,0,1,29,HIGH
2DpbMzkrqOcxAF,14,3,1,1,1,0,0,0,1,0,0,0,0,1,37,MODERATE
V5tYaqsLR4,10,3,1,1,1,0,0,0,0,1,1,0,0,1,29,HIGH
06zcM50#R#,10,4,1,1,1,1,0,0,1,0,1,0,0,1,37,MODERATE
!VZ3l#1TCejjk,13,4,1,1,1,1,0,0,0,0,1,0,1,1,33,MODERATE
09dzRUYpL7CU,12,3,1,1,1,0,0,0,1,0,0,0,1,1,23,HIGH
wgzN5ToO5wqegs,14,3,1,1,1,0,0,0,0,0,1,0,1,1,27,HIGH
84RD&f0Tx0R,11,4,1,1,1,1,0,0,1,0,1,0,0,1,39,MODERATE
@m*vVw6VH6aRgv,13,4,1,1,1,1,0,0,0,0,1,0,1,1,33,MODERATE
RW&ym5d$e#N,10,4,1,1,1,1,0,0,0,0,1,0,0,1,37,MODERATE
fO&vtm1MBPqooD,14,4,1,1,1,1,0,0,0,0,1,0,1,1,35,MODERATE
my74SCd#RVGip,13,4,1,1,1,1,0,0,0,0,1,0,0,1,43,MODERATE
MY9votWFG5M%nL,14,4,1,1,1,1,0,0,0,0,1,0,0,1,45,MODERATE
MBoxO*yf!B,10,3,1,1,0,1,0,0,0,0,0,0,0,0,44,MODERATE
#sB1c1Qh0*dTa,13,4,1,1,1,1,0,0,0,0,1,0,0,1,43,MODERATE
@Lm@Rm7hLV,8,2,1,1,0,0,0,0,0,0,0,0,0,0,32,CRITICAL
vxUG4EDX0G9OT,13,3,1,1,1,0,0,0,0,0,1,0,0,1,35,MODERATE
0*tfSgFRHkm,11,4,1,1,1,1,0,0,1,0,0,0,0,1,39,MODERATE
dz%v4jaom8H##&,14,4,1,1,1,1,0,0,0,0,1,0,1,1,35,MODERATE
NQq2jqYYY3gXT,13,3,1,1,1,0,0,0,0,0,1,0,1,1,25,HIGH
J!4v@7FEE9voiY,13,4,1,1,1,1,0,0,0,0,1,0,1,1,33,MODERATE
YVnoT#WiE1,10,4,1,1,1,1,0,0,0,1,0,0,0,1,37,MODERATE
Jre$LbFy@gW@,9,2,1,1,0,0,0,0,0,0,0,0,0,0,34,MODERATE
fWtnCf!rci0s6t,14,4,1,1,1,1,0,0,0,0,1,0,0,1,45,MODERATE
YtAh5rOgqeaep,13,3,1,1,1,0,0,0,0,0,1,0,0,1,35,MODERATE
o3ahejIfKL,10,3,1,1,1,0,0,0,0,0,1,0,0,1,29,HIGH
nbnBdo0&kPr,11,4,1,1,1,1,0,0,0,0,1,0,0,1,39,MODERATE
1%@h3ijuhT,9,4,1,1,1,1,0,0,1,0,1,0,0,1,35,MODERATE
A1s5zsHbWVq0W*,14,4,1,1,1,1,0,0,0,0,1,0,0,1,45,MODERATE
&%$Kp8PwDt#4,11,4,1,1,1,1,0,0,0,1,1,0,0,1,39,MODERATE
DtF*8eB3emGmT,13,4,1,1,1,1,0,0,0,0,1,0,0,1,43,MODERATE
9dgt3Sfk&Wg,11,4,1,1,1,1,0,0,1,0,1,0,0,1,39,MODERATE
L@8e#yqPJJPj,11,4,1,1,1,1,0,0,0,0,1,0,1,1,29,HIGH
k@k2c0blb$*v,10,3,1,0,1,1,0,0,0,0,1,0,1,1,19,HIGH
iP$@RFMjF&,8,3,1,1,0,1,0,0,0,0,0,0,0,0,40,CRITICAL
!0Ol&&!C0Efyg,13,4,1,1,1,1,0,0,0,0,1,0,1,1,33,MODERATE
p!ZdmSUpBUy,11,3,1,1,0,1,0,0,0,0,0,0,0,0,46,MODERATE
$&7KfKdz7h%6,11,4,1,1,1,1,0,0,0,1,0,0,0,1,39,MODERATE
3mO*BqGp!wvF,12,4,1,1,1,1,0,0,1,0,0,0,0,1,41,MODERATE
S105jQx&OBxWL7,14,4,1,1,1,1,0,0,0,0,1,0,1,1,35,MODERATE
e&*WXGR!w@,9,3,1,1,0,1,0,0,0,0,0,0,0,0,42,MODERATE
sSA%n#VkFZ8&u,13,4,1,1,1,1,0,0,0,0,1,0,1,1,33,MODERATE
T$AXQ57!&Tip3r,13,4,1,1,1,1,0,0,0,0,1,0,0,1,43,MODERATE
i5DjZmSCsXlk14,14,3,1,1,1,0,0,0,0,1,1,0,0,1,37,MODERATE
P52dTLP49Jil,12,3,1,1,1,0,0,0,0,0,1,0,0,1,33,MODERATE
&2zpSIw0d@s,10,4,1,1,1,1,0,0,0,0,1,0,0,1,37,MODERATE
8SiP*4UO2wgg,12,4,1,1,1,1,0,0,1,0,1,0,1,1,31,MODERATE
ylIhPLiZQ14,11,3,1,1,1,0,0,0,0,1,0,0,0,1,31,MODERATE
FgOse*IuUADbFB,14,3,1,1,0,1,0,0,0,0,0,0,1,1,27,HIGH
ZInh$HboE7,9,2,1,1,0,0,0,0,0,0,0,0,1,1,9,CRITICAL
IG6O2bJ5R6J,11,3,1,1,1,0,0,0,0,0,1,0,0,1,31,MODERATE
d8zwSP1CEo,10,3,1,1,1,0,0,0,0,0,1,0,0,1,29,HIGH
DJ00Avq9SpTq,12,3,1,1,1,0,0,0,0,0,1,0,1,1,23,HIGH
5kRFG3C4DU,10,3,1,1,1,0,0,0,1,0,1,0,0,1,29,HIGH
omu!8xPgWukAXY,14,4,1,1,1,1,0,0,0,0,1,0,0,1,45,MODERATE
UJyuz2rpcah,11,3,1,1,1,0,0,0,0,0,1,0,0,1,31,MODERATE
P6WGzTZS84tjeB,14,3,1,1,1,0,0,0,0,0,1,0,0,1,37,MODERATE
MA9eeMuNafBemX,14,3,1,1,1,0,0,0,0,0,1,0,1,1,27,HIGH
fX4QEsiApV8,11,3,1,1,1,0,0,0,0,1,1,0,0,1,31,MODERATE
%$cUVueMMa,9,3,1,1,0,1,0,0,0,0,0,0,1,1,17,HIGH
pSQylD&SV8,10,4,1,1,1,1,0,0,0,1,0,0,0,1,37,MODERATE
!0k5TJzip$z,10,4,1,1,1,1,0,0,0,0,1,0,0,1,37,MODERATE
P3MBcTF27z!CU,13,4,1,1,1,1,0,0,0,0,1,0,0,1,43,MODERATE
zYCkgKB@ip,9,2,1,1,0,0,0,0,0,0,0,0,0,0,34,MODERATE
FXH7&jutzd,10,3,1,1,0,1,0,0,0,0,0,0,0,0,44,MODERATE
gKHkLRX0ENJg,12,3,1,1,1,0,0,0,0,0,1,0,0,1,33,MODERATE
3gehfPdPIOn,11,3,1,1,1,0,0,0,1,0,0,0,0,1,31,MODERATE
TLw&9H0rX4IS!,13,4,1,1,1,1,0,0,0,0,1,0,0,1,43,MODERATE
XaoqH!$$biP3E&,12,4,1,1,1,1,0,0,0,0,1,0,0,1,41,MODERATE
V&t0LlLIm$vu,11,4,1,1,1,1,0,0,0,0,1,0,1,1,29,HIGH
q#@ibfsi*W6O,11,4,1,1,1,1,0,0,0,0,1,0,0,1,39,MODERATE
EUVzTG#xuWQF2,13,4,1,1,1,1,0,0,0,1,0,0,0,1,43,MODERATE
l8YD6Lues*GG7V,14,4,1,1,1,1,0,0,0,0,1,0,1,1,35,MODERATE
6fw3#9@&1pk#8,12,3,1,0,1,1,0,0,1,1,1,0,0,1,33,MODERATE
3uW@DDlcyrv6g,12,3,1,1,1,0,0,0,1,0,1,0,1,1,23,HIGH
N$C*vLuAJS*Q,11,3,1,1,0,1,0,0,0,0,0,0,0,0,46,MODERATE
%YeOwAU!03O*a,13,4,1,1,1,1,0,0,0,0,1,0,0,1,43,MODERATE
Y&$%*b1ir4,9,4,1,1,1,1,0,0,0,1,1,0,0,1,35,MODERATE
p9tDFO9gyyr,11,3,1,1,1,0,0,0,0,0,1,0,1,1,21,HIGH
Jl%qOHQsT*rKd,13,3,1,1,0,1,0,0,0,0,0,0,0,0,50,MODERATE
Y*6fgicMtE85A,13,4,1,1,1,1,0,0,0,0,1,0,0,1,43,MODERATE
CZJscuYAfYu,11,2,1,1,0,0,0,0,0,0,0,0,0,0,38,MODERATE
9GffRxd!FFN3R,13,4,1,1,1,1,0,0,1,0,1,0,1,1,33,MODERATE
W68Kh&CZfT,10,4,1,1,1,1,0,0,0,0,1,0,0,1,37,MODERATE
v4tGJNWrDzEO,12,3,1,1,1,0,0,0,0,0,1,0,0,1,33,MODERATE
m@Dzzn4Zt68,10,3,1,1,1,0,0,0,0,1,1,0,1,1,19,HIGH
jKtxcZnA$*Gl,11,3,1,1,0,1,0,0,0,0,0,0,0,0,46,MODERATE
udCezOjwJA@S,11,2,1,1,0,0,0,0,0,0,0,0,0,0,38,MODERATE
DR$3Wv5VR*,9,4,1,1,1,1,0,0,0,0,1,0,0,1,35,MODERATE
y&sqNk@ZRO!,10,3,1,1,0,1,0,0,0,0,0,0,0,0,44,MODERATE
f&DRMnKnUQ@X,11,3,1,1,0,1,0,0,0,0,0,0,0,0,46,MODERATE
leI%L#FKh8dk,12,4,1,1,1,1,0,0,0,0,1,0,0,1,41,MODERATE
dnZLQry6Jv,10,3,1,1,1,0,0,0,0,0,1,0,0,1,29,HIGH
b&!AnPhWKC,10,3,1,1,0,1,0,0,0,0,0,0,0,0,44,MODERATE
I@%IWgr#dS&Lr,12,3,1,1,0,1,0,0,0,0,0,0,0,0,48,MODERATE
G8fklO&vly4YT2,14,4,1,1,1,1,0,0,0,1,1,0,0,1,45,MODERATE
$N7W*of7VBnbx,12,3,1,1,0,1,0,0,0,0,0,0,0,0,48,MODERATE
wIeZJNb8*fA7,12,4,1,1,1,1,0,0,0,0,1,0,0,1,41,MODERATE
zp7Z7SMQ5TgA3,13,3,1,1,1,0,0,0,0,1,1,0,0,1,35,MODERATE
sxE47RaKC2,10,3,1,1,1,0,0,0,0,1,1,0,0,1,29,HIGH
oOfss34R5&i9,12,4,1,1,1,1,0,0,0,1,1,0,1,1,31,MODERATE
d@tn!sl*IpTvw,12,3,1,1,0,1,0,0,0,0,0,0,0,0,48,MODERATE
iDobgUp@gTU3*6,13,4,1,1,1,1,0,0,0,1,1,0,0,1,43,MODERATE
&ENtUd%54malX,13,4,1,1,1,1,0,0,0,0,1,0,0,1,43,MODERATE
mgdywxHlXi0,11,3,1,1,1,0,0,0,0,1,0,0,0,1,31,MODERATE
USk!$VLHWtNh,11,3,1,1,0,1,0,0,0,0,0,0,0,0,46,MODERATE
#2#N3GOgT8d5Y,13,4,1,1,1,1,0,0,0,0,1,0,0,1,43,MODERATE
D7x$33ANk4QSRE,13,3,1,1,1,0,0,0,0,0,1,0,1,1,25,HIGH
%U48QJGnn%RTU,13,4,1,1,1,1,0,0,0,0,1,0,1,1,33,MODERATE
gDfKE2Sr1OOxm,13,3,1,1,1,0,0,0,0,0,1,0,1,1,25,HIGH
izw@kHUFKzxtn,12,2,1,1,0,0,0,0,0,0,0,0,0,0,40,MODERATE
Ukks8Xg2TS,10,3,1,1,1,0,0,0,0,0,1,0,1,1,19,HIGH
wOe91onZ8e7rn,13,3,1,1,1,0,0,0,0,0,1,0,0,1,35,MODERATE
ozFPWWwTvBZJB,13,2,1,1,0,0,0,0,0,0,0,0,1,1,17,HIGH
PRG3Ma2J!*URl,13,4,1,1,1,1,0,0,0,0,1,0,0,1,43,MODERATE
$rh80TAykzYO7F,13,3,1,1,1,0,0,0,0,0,1,0,0,1,35,MODERATE
YU*0j2llubAj3@,13,4,1,1,1,1,0,0,0,1,1,0,1,1,33,MODERATE
bvokA3TDTq,10,3,1,1,1,0,0,0,0,0,1,0,0,1,29,HIGH
MQkNW5wqdIJG,12,3,1,1,1,0,0,0,0,0,1,0,0,1,33,MODERATE
Mc2wSdm*yuiK,12,4,1,1,1,1,0,0,0,0,1,0,0,1,41,MODERATE
5uQZp12luDx#W,13,4,1,1,1,1,0,0,1,0,1,0,0,1,43,MODERATE
K47rjmfWuS4skx,14,3,1,1,1,0,0,0,0,0,1,0,0,1,37,MODERATE
RSIoXF58gw,10,3,1,1,1,0,0,0,0,0,1,0,0,1,29,HIGH
WUZlAAcoGWC,11,2,1,1,0,0,0,0,0,0,0,0,1,1,13,CRITICAL
9*rmClNEzLy,11,4,1,1,1,1,0,0,1,0,0,0,0,1,39,MODERATE
8&5B7mp8hS8hMN,14,4,1,1,1,1,0,0,1,0,1,0,0,1,45,MODERATE
6kpiohK8btOn,12,3,1,1,1,0,0,0,1,0,1,0,0,1,33,MODERATE
AcRHi3GtWVC,11,3,1,1,1,0,0,0,0,0,1,0,0,1,31,MODERATE
rgGnsqxJX&M0Qu,14,4,1,1,1,1,0,0,0,0,1,0,1,1,35,MODERATE
eMwX2P2qUx4,11,3,1,1,1,0,0,0,0,1,1,0,0,1,31,MODERATE
UYKuxMEG7xr5S,13,3,1,1,1,0,0,0,0,0,1,0,0,1,35,MODERATE
O!mjUtjmJg&OaJ,14,3,1,1,0,1,0,0,0,0,0,0,0,0,52,MODERATE
*tP4$abmRcj%fE,13,4,1,1,1,1,0,0,0,0,1,0,0,1,43,MODERATE
@CIA0S@c2!fy,10,4,1,1,1,1,0,0,0,0,1,0,0,1,37,MODERATE
gV91jvdmemQxO,13,3,1,1,1,0,0,0,0,0,1,0,0,1,35,MODERATE
nCB9R0fDlBx,11,3,1,1,1,0,0,0,0,0,1,0,0,1,31,MODERATE
#MnRzjMgVYj$Q,12,3,1,1,0,1,0,0,0,0,0,0,0,0,48,MODERATE
gdxXPY!GK@JJ,11,3,1,1,0,1,0,0,0,0,0,0,1,1,21,HIGH
bbxwFGYC5@Nv%,12,4,1,1,1,1,0,0,0,0,1,0,1,1,31,MODERATE
z2LTqzmpp5q6mG,14,3,1,1,1,0,0,0,0,0,1,0,1,1,27,HIGH
rfB*g#4$z9f,10,4,1,1,1,1,0,0,0,0,1,0,0,1,37,MODERATE
1sPbI520@tPB@b,12,3,1,1,1,0,0,0,1,0,1,0,1,1,23,HIGH
U$K&3!1zyIKu,11,4,1,1,1,1,0,0,0,0,1,0,0,1,39,MODERATE
8%T27#x$9HsC1T,13,4,1,1,1,1,0,0,1,0,1,0,0,1,43,MODERATE
geQQELC@Z9SALx,13,3,1,1,1,0,0,0,0,0,1,0,1,1,25,HIGH
j%c7wlJCtyh!,12,3,1,1,0,1,0,0,0,0,0,0,0,0,48,MODERATE
epRvFG0*sJL,11,4,1,1,1,1,0,0,0,0,1,0,0,1,39,MODERATE
u3qex6b7D58qDc,14,3,1,1,1,0,0,0,0,0,1,0,0,1,37,MODERATE
jwAPZWStblf,11,2,1,1,0,0,0,0,0,0,0,0,0,0,38,MODERATE
ATYFOQ0I0e@,10,3,1,1,1,0,0,0,0,0,1,0,0,1,29,HIGH
bfAaZT&k@LZRH,12,3,1,1,0,1,0,0,0,0,0,0,1,1,23,HIGH
lbeoiUhe&k,10,3,1,1,0,1,0,0,0,0,0,0,0,0,44,MODERATE
En8m8#kaDEIDs,13,4,1,1,1,1,0,0,0,0,1,0,0,1,43,MODERATE
gpiNQvuhWDPQ,12,2,1,1,0,0,0,0,0,0,0,0,0,0,40,MODERATE
Yys8zoW%*$oo,11,4,1,1,1,1,0,0,0,0,1,0,1,1,29,HIGH
5*KQ@55pDp,9,4,1,1,1,1,0,0,1,0,1,0,1,1,25,HIGH
kPiH0!KU5s,10,4,1,1,1,1,0,0,0,0,1,0,0,1,37,MODERATE
rYMNy@xrKU,9,2,1,1,0,0,0,0,0,0,0,0,0,0,34,MODERATE
PQFwDx#jHSS,11,3,1,1,0,1,0,0,0,0,0,0,1,1,21,HIGH
Mp2cs6F5*Qo,11,4,1,1,1,1,0,0,0,0,1,0,0,1,39,MODERATE
bbqiIMKr0qHpRF,14,3,1,1,1,0,0,0,0,0,1,0,1,1,27,HIGH
VYo$kW9a9vL,10,3,1,1,1,0,0,0,0,0,1,0,0,1,29,HIGH
l%c#KhEJv#ToG,13,3,1,1,0,1,0,0,0,0,0,0,0,0,50,MODERATE
Uf6jOyWJ#3i43$,13,4,1,1,1,1,0,0,0,1,1,0,0,1,43,MODERATE
oKe3!Xfl74kjr7,14,4,1,1,1,1,0,0,0,0,1,0,1,1,35,MODERATE
hT$vPB#GUq0,10,4,1,1,1,1,0,0,0,1,0,0,0,1,37,MODERATE
T!VbXyv5fSD*,12,4,1,1,1,1,0,0,0,0,1,0,0,1,41,MODERATE
LmRG5bqL7EXdzx,14,3,1,1,1,0,0,0,0,0,1,0,1,1,27,HIGH
FkyyPP588n,10,3,1,1,1,0,0,0,0,0,1,0,1,1,19,HIGH
sZvTE!rTC!,10,3,1,1,0,1,0,0,0,0,0,0,0,0,44,MODERATE
spK5lG&D!y,10,4,1,1,1,1,0,0,0,0,1,0,0,1,37,MODERATE
u2r4VH%z&k,10,4,1,1,1,1,0,0,0,0,1,0,0,1,37,MODERATE
JKtqu3e!Ge&!,12,4,1,1,1,1,0,0,0,0,1,0,0,1,41,MODERATE
c8dS6p6*B%B,11,4,1,1,1,1,0,0,0,0,1,0,0,1,39,MODERATE
0J8kjKlY!g,10,4,1,1,1,1,0,0,1,0,1,0,0,1,37,MODERATE
XgFaffDa2fQKeC,14,3,1,1,1,0,0,0,0,0,1,0,1,1,27,HIGH
r@XZ3Tx5WjNIT#,13,4,1,1,1,1,0,0,0,0,1,0,0,1,43,MODERATE
vjmGJs5mGrk,11,3,1,1,1,0,0,0,0,0,1,0,0,1,31,MODERATE
H%yHk3EL00X,11,4,1,1,1,1,0,0,0,0,1,0,1,1,29,HIGH
11*SkUljZG,10,4,1,1,1,1,0,0,1,0,0,0,1,1,27,HIGH
TidHYEauN&9c%F,14,4,1,1,1,1,0,0,0,0,1,0,0,1,45,MODERATE
Tah$PKw%%BH,10,3,1,1,0,1,0,0,0,0,0,0,1,1,19,HIGH
!gSwJTLklk$R41,13,4,1,1,1,1,0,0,0,1,0,0,0,1,43,MODERATE
ZaQiF1NxsXd5,12,3,1,1,1,0,0,0,0,1,1,0,0,1,33,MODERATE
cwUiSDDhWpO,11,2,1,1,0,0,0,0,0,0,0,0,1,1,13,CRITICAL
j%RwL0XVxvSx,12,4,1,1,1,1,0,0,0,0,1,0,0,1,41,MODERATE
1J$XY8N$NvJ,9,3,1,1,1,0,0,0,1,0,1,0,1,1,17,HIGH
JNolrx7#%I,10,3,1,1,0,1,0,0,0,0,0,0,0,0,44,MODERATE
VokOMbc8e$5GG,12,3,1,1,1,0,0,0,0,0,1,0,1,1,23,HIGH
UcvedKcAvAa,11,2,1,1,0,0,0,0,0,0,0,0,1,1,13,CRITICAL
Ycx#WGzAaU8nAB,14,4,1,1,1,1,0,0,0,0,1,0,1,1,35,MODERATE
HlwwEb3d0jst,12,3,1,1,1,0,0,0,0,0,1,0,1,1,23,HIGH
WM0t09@IwxRP@U,12,3,1,1,1,0,0,0,0,0,1,0,0,1,33,MODERATE
MBRGbRwu758U7n,14,3,1,1,1,0,0,0,0,0,1,0,0,1,37,MODERATE
snofyOEoVDP,11,2,1,1,0,0,0,0,0,0,0,0,0,0,38,MODERATE
hkY%hvSGI7GtmI,14,3,1,1,0,1,0,0,0,0,0,0,0,0,52,MODERATE
RTI9Atm0KcWsk,13,3,1,1,1,0,0,0,0,0,1,0,0,1,35,MODERATE
ViIunKfUNT,10,2,1,1,0,0,0,0,0,0,0,0,1,1,11,CRITICAL
hEhX4eg6dtt#!m,14,4,1,1,1,1,0,0,0,0,1,0,1,1,35,MODERATE
